,album,release_date,track_number,id,name,uri,acousticness,danceability,energy,instrumentalness,liveness,loudness,speechiness,tempo,valence,popularity,artist
0,'The Story of Light' Epilogue - The 6th Album,2018-09-10,1,6pfTaKhyR5Bj2flqW78idC,All Day All Night,spotify:track:6pfTaKhyR5Bj2flqW78idC,0.091,0.631,0.832,0.0,0.109,-4.349,0.0856,130.022,0.628,38,shinee
1,'The Story of Light' Epilogue - The 6th Album,2018-09-10,2,6mI6dpwRDteVr3ZQsDeD6e,Countless,spotify:track:6mI6dpwRDteVr3ZQsDeD6e,0.0251,0.679,0.829,0.0,0.068,-5.166,0.072,97.043,0.604,49,shinee
2,'The Story of Light' Epilogue - The 6th Album,2018-09-10,3,3mjfQvA5gAV6XnH0ZWnIyI,Good Evening,spotify:track:3mjfQvA5gAV6XnH0ZWnIyI,0.0383,0.678,0.809,0.0,0.243,-4.162,0.0598,119.979,0.561,54,shinee
3,'The Story of Light' Epilogue - The 6th Album,2018-09-10,4,3sIUNOTIvP0AfuKrT3y0l9,Chemistry,spotify:track:3sIUNOTIvP0AfuKrT3y0l9,0.134,0.418,0.797,0.0,0.122,-3.811,0.204,88.096,0.484,37,shinee
4,'The Story of Light' Epilogue - The 6th Album,2018-09-10,5,492SFpum5vh5ZKDP5WAIQk,Electric,spotify:track:492SFpum5vh5ZKDP5WAIQk,0.171,0.722,0.643,0.0,0.229,-4.243,0.12,105.906,0.721,35,shinee
5,'The Story of Light' Epilogue - The 6th Album,2018-09-10,6,4uNSdLUVrv4BN1S9D8NTDz,Who Waits For Love,spotify:track:4uNSdLUVrv4BN1S9D8NTDz,0.0955,0.367,0.761,0.0,0.0886,-4.249,0.117,92.927,0.344,40,shinee
6,'The Story of Light' Epilogue - The 6th Album,2018-09-10,7,2QqH85XScNQ3dXabg3NZE5,Our Page,spotify:track:2QqH85XScNQ3dXabg3NZE5,0.295,0.674,0.752,0.0,0.164,-4.657,0.0326,107.021,0.348,46,shinee
7,'The Story of Light' Epilogue - The 6th Album,2018-09-10,8,6bDGCPL7W0c3C0O9E7QKOb,I Say,spotify:track:6bDGCPL7W0c3C0O9E7QKOb,0.782,0.314,0.368,0.0,0.102,-6.416,0.0313,99.583,0.29,35,shinee
8,'The Story of Light' Epilogue - The 6th Album,2018-09-10,9,18BTIUm7Y9toOJG2UklPeG,Retro,spotify:track:18BTIUm7Y9toOJG2UklPeG,0.0556,0.576,0.782,0.0,0.0638,-5.762,0.19,91.27,0.73,34,shinee
9,'The Story of Light' Epilogue - The 6th Album,2018-09-10,10,4vyX2aMk1HygUxzxHHOSo0,Drive,spotify:track:4vyX2aMk1HygUxzxHHOSo0,0.0608,0.774,0.735,0.0,0.128,-4.141,0.174,109.984,0.769,33,shinee
10,'The Story of Light' Epilogue - The 6th Album,2018-09-10,11,7wNZPLzUKbttcNSyoqELuE,I Want You,spotify:track:7wNZPLzUKbttcNSyoqELuE,0.101,0.719,0.733,0.0,0.27,-4.147,0.0861,123.058,0.514,49,shinee
11,'The Story of Light' Epilogue - The 6th Album,2018-09-10,12,4f33ChV7VFwn8aLn1kdCFZ,Undercover,spotify:track:4f33ChV7VFwn8aLn1kdCFZ,0.118,0.75,0.612,0.0,0.0494,-5.764,0.142,127.795,0.83,35,shinee
13,'The Story of Light' Epilogue - The 6th Album,2018-09-10,14,7AyF9uVZmGLrThGR5gkG6Z,Tonight,spotify:track:7AyF9uVZmGLrThGR5gkG6Z,0.302,0.626,0.715,0.0,0.185,-5.774,0.0468,139.977,0.569,34,shinee
14,'The Story of Light' Epilogue - The 6th Album,2018-09-10,15,7fVUZRfQ33ExAs84yPziNO,You & I,spotify:track:7fVUZRfQ33ExAs84yPziNO,0.266,0.612,0.543,0.0,0.105,-7.315,0.0769,83.967,0.231,37,shinee
15,'The Story of Light' Epilogue - The 6th Album,2018-09-10,16,174GUvl1xbX2VI9XeGwzpv,Lock You Down - Special Track,spotify:track:174GUvl1xbX2VI9XeGwzpv,0.314,0.769,0.769,0.0,0.206,-4.49,0.123,119.967,0.873,34,shinee
19,SHINee THE BEST FROM NOW ON,2018-04-18,4,4FxJdafN586v8E89OMDNFE,Sherlock - Japanese ver.,spotify:track:4FxJdafN586v8E89OMDNFE,0.0338,0.66,0.931,0.0,0.369,-2.751,0.0928,106.968,0.358,25,shinee
20,SHINee THE BEST FROM NOW ON,2018-04-18,5,1bct1N5BDLp7In9R0O2aXR,Dazzling Girl,spotify:track:1bct1N5BDLp7In9R0O2aXR,0.0555,0.67,0.903,0.0,0.697,-2.629,0.0364,129.967,0.765,28,shinee
21,SHINee THE BEST FROM NOW ON,2018-04-18,6,5ZGZhpcqdJGEBZwhGMYnkt,1000年、ずっとそばにいて...,spotify:track:5ZGZhpcqdJGEBZwhGMYnkt,0.0573,0.6,0.884,0.0,0.346,-3.152,0.0446,109.986,0.402,29,shinee
22,SHINee THE BEST FROM NOW ON,2018-04-18,7,0fdWENbDkcR9Lr8XUSFM8a,Fire,spotify:track:0fdWENbDkcR9Lr8XUSFM8a,0.205,0.449,0.85,0.0,0.148,-3.996,0.0429,168.066,0.614,27,shinee
23,SHINee THE BEST FROM NOW ON,2018-04-18,8,7LYb6OuJcmMsBXnBHacrZE,Breaking News,spotify:track:7LYb6OuJcmMsBXnBHacrZE,0.00886,0.623,0.959,0.0,0.0947,-3.405,0.112,123.995,0.608,25,shinee
24,SHINee THE BEST FROM NOW ON,2018-04-18,9,13SBKaDcDhmVkYKDUocBFN,Boys Meet U,spotify:track:13SBKaDcDhmVkYKDUocBFN,0.132,0.805,0.735,0.0,0.212,-3.0,0.0576,117.954,0.965,27,shinee
25,SHINee THE BEST FROM NOW ON,2018-04-18,10,1jHLv2D42l1Z2XROGSNAv7,3 2 1,spotify:track:1jHLv2D42l1Z2XROGSNAv7,0.00402,0.609,0.903,0.0,0.304,-3.124,0.0451,147.987,0.894,26,shinee
29,SHINee THE BEST FROM NOW ON,2018-04-18,14,3o9qNRXL17RTUZQj1x50U2,Your Number,spotify:track:3o9qNRXL17RTUZQj1x50U2,0.0145,0.707,0.908,0.0,0.0708,-3.659,0.127,100.986,0.764,29,shinee
30,SHINee THE BEST FROM NOW ON,2018-04-18,15,3GfQN6MxgV536Ab6VVxT08,Sing Your Song,spotify:track:3GfQN6MxgV536Ab6VVxT08,0.192,0.625,0.795,0.0,0.0718,-3.937,0.0542,75.04,0.801,26,shinee
35,SHINee THE BEST FROM NOW ON,2018-04-18,20,1naapoRLiIo2duWwDE08fL,From Now On,spotify:track:1naapoRLiIo2duWwDE08fL,0.161,0.351,0.384,0.0,0.217,-7.545,0.0306,135.49,0.358,46,shinee
36,FIVE,2017-01-27,1,2gZGXdXqF8t3FvFd6GY7gr,Gentleman,spotify:track:2gZGXdXqF8t3FvFd6GY7gr,0.0916,0.693,0.832,0.0,0.276,-3.683,0.0759,98.057,0.748,25,shinee
37,FIVE,2017-01-27,2,76KJFHRGwCxRBcFkz8SiUZ,Mr. Right Guy,spotify:track:76KJFHRGwCxRBcFkz8SiUZ,0.00672,0.747,0.914,2.47e-06,0.544,-3.695,0.207,115.054,0.723,25,shinee
38,FIVE,2017-01-27,3,0bIXvun44zfnqrfPuGNSz5,ABOAB,spotify:track:0bIXvun44zfnqrfPuGNSz5,0.00178,0.668,0.946,0.0,0.945,-3.696,0.0634,124.039,0.557,26,shinee
39,FIVE,2017-01-27,4,6MqxenMQdreKXWYfQTFGvK,君のせいで,spotify:track:6MqxenMQdreKXWYfQTFGvK,0.000682,0.554,0.914,0.0,0.312,-4.364,0.0517,107.932,0.704,29,shinee
40,FIVE,2017-01-27,5,2Bh1WWf8vMx4r4xnItDhII,Do Me Right,spotify:track:2Bh1WWf8vMx4r4xnItDhII,0.0673,0.508,0.914,0.0,0.112,-3.713,0.17,200.321,0.635,26,shinee
41,FIVE,2017-01-27,6,3WTpchRWYEfuydVpoYy9KF,Become Undone,spotify:track:3WTpchRWYEfuydVpoYy9KF,0.0146,0.594,0.907,0.0,0.579,-4.085,0.0524,164.031,0.587,27,shinee
42,FIVE,2017-01-27,7,7awYNOO9zDB9cCPnSSP4mA,Get The Treasure,spotify:track:7awYNOO9zDB9cCPnSSP4mA,0.0617,0.65,0.904,0.0,0.111,-3.198,0.0685,114.966,0.961,31,shinee
43,FIVE,2017-01-27,8,74P82UYBC8vVW9E2wLUQVl,1 of 1 - Japanese Ver.,spotify:track:74P82UYBC8vVW9E2wLUQVl,0.224,0.705,0.892,0.0,0.0416,-3.752,0.0657,108.017,0.891,25,shinee
44,FIVE,2017-01-27,9,2eZn9iDBfZaXOe7v9FPT1y,Nothing To Lose,spotify:track:2eZn9iDBfZaXOe7v9FPT1y,0.0328,0.57,0.919,0.0,0.172,-3.11,0.0791,110.016,0.77,22,shinee
45,FIVE,2017-01-27,10,1p8QfnGCLFQ5tHoh2RIUfW,Melody,spotify:track:1p8QfnGCLFQ5tHoh2RIUfW,0.0665,0.597,0.725,0.0,0.127,-5.461,0.0364,120.045,0.391,28,shinee
46,FIVE,2017-01-27,11,7nG5y5wDTDtoS5TyH00CqA,Winter Wonderland,spotify:track:7nG5y5wDTDtoS5TyH00CqA,0.156,0.464,0.722,0.0,0.18,-4.513,0.0335,158.062,0.452,28,shinee
47,FIVE,2017-01-27,12,3Q5mg2q5xcdVTXeK6PJotD,Diamond Sky,spotify:track:3Q5mg2q5xcdVTXeK6PJotD,0.0557,0.55,0.807,0.0,0.0849,-4.751,0.0495,127.982,0.422,39,shinee
48,1 and 1 - The 5th Album Repackage,2016-11-15,1,082T4CgUFyV0tjPdzaq6ml,Tell Me What To Do,spotify:track:082T4CgUFyV0tjPdzaq6ml,0.102,0.602,0.926,0.0,0.317,-1.78,0.177,125.107,0.288,51,shinee
49,1 and 1 - The 5th Album Repackage,2016-11-15,2,2kdDQeOdqAjwoEkf6G6wB7,별빛 바램 Wish Upon a Star,spotify:track:2kdDQeOdqAjwoEkf6G6wB7,0.871,0.286,0.277,6.52e-06,0.129,-8.862,0.0322,133.638,0.155,30,shinee
50,1 and 1 - The 5th Album Repackage,2016-11-15,3,1eKRkRXUcc2PTWhD8U6TbC,한마디 Beautiful Life,spotify:track:1eKRkRXUcc2PTWhD8U6TbC,0.387,0.563,0.66,7.71e-06,0.141,-6.128,0.0471,92.071,0.55,32,shinee
51,1 and 1 - The 5th Album Repackage,2016-11-15,4,46b4HhyVbkZSmjIxuhwEOL,Rescue,spotify:track:46b4HhyVbkZSmjIxuhwEOL,0.000606,0.71,0.671,0.0,0.127,-5.743,0.0484,99.97,0.424,29,shinee
52,1 and 1 - The 5th Album Repackage,2016-11-15,5,5ODlbJkw0AApbiBsxrNmVk,If You Love Her,spotify:track:5ODlbJkw0AApbiBsxrNmVk,0.895,0.596,0.327,0.0,0.141,-7.329,0.0253,96.068,0.44,33,shinee
53,1 and 1 - The 5th Album Repackage,2016-11-15,6,2zeporgivVrqDjCnPdG0Gb,Tell Me What To Do - Instrumental,spotify:track:2zeporgivVrqDjCnPdG0Gb,0.0421,0.631,0.902,0.799,0.189,-4.212,0.0353,124.999,0.0891,22,shinee
54,1 and 1 - The 5th Album Repackage,2016-11-15,7,0P3OkG46Y0ltYkuhvAJLbq,별빛 바램 Wish Upon a Star - Instrumental,spotify:track:0P3OkG46Y0ltYkuhvAJLbq,0.939,0.365,0.231,0.887,0.13,-13.391,0.0319,133.734,0.0439,18,shinee
55,1 and 1 - The 5th Album Repackage,2016-11-15,8,30fb74CZOvHVOSO1Tj8XGH,한마디 Beautiful Life - Instrumental,spotify:track:30fb74CZOvHVOSO1Tj8XGH,0.368,0.611,0.539,0.844,0.0959,-9.73,0.0332,91.998,0.253,17,shinee
56,1 and 1 - The 5th Album Repackage,2016-11-15,9,4YVNDWcfiAqsJKSUEiWM58,Rescue - Instrumental,spotify:track:4YVNDWcfiAqsJKSUEiWM58,2.57e-05,0.872,0.6,0.217,0.112,-7.934,0.0337,100.011,0.246,17,shinee
57,1 and 1 - The 5th Album Repackage,2016-11-15,10,0ZpCEsA4JuQjYXOKlBoIui,If You Love Her - Instrumental,spotify:track:0ZpCEsA4JuQjYXOKlBoIui,0.985,0.713,0.195,0.914,0.188,-14.221,0.0479,96.048,0.251,19,shinee
61,1 and 1 - The 5th Album Repackage,2016-11-15,4,4wPVrnXmpMOeB0WtE0V9yP,투명 우산 Don't Let Me Go,spotify:track:4wPVrnXmpMOeB0WtE0V9yP,0.156,0.605,0.919,0.0,0.671,-3.659,0.0579,92.016,0.789,36,shinee
63,1 and 1 - The 5th Album Repackage,2016-11-15,6,44EkZxQmQug34ofXu83tC6,Don't Stop,spotify:track:44EkZxQmQug34ofXu83tC6,0.229,0.785,0.653,4.73e-05,0.0867,-7.726,0.0664,114.933,0.698,25,shinee
67,1 of 1 - The 5th Album,2016-09-29,1,3vm0mFRTYFRmtym8SPHmUq,Prism,spotify:track:3vm0mFRTYFRmtym8SPHmUq,0.284,0.652,0.885,0.0,0.184,-3.148,0.071,138.055,0.888,41,shinee
68,1 of 1 - The 5th Album,2016-09-29,2,6UmRhJatcth1KF76r5ucvZ,1 of 1,spotify:track:6UmRhJatcth1KF76r5ucvZ,0.0635,0.694,0.879,0.0,0.0478,-3.765,0.0515,108.045,0.84,49,shinee
69,1 of 1 - The 5th Album,2016-09-29,3,2BcTKLMXMlPjdhKxlECfCZ,Feel Good,spotify:track:2BcTKLMXMlPjdhKxlECfCZ,0.156,0.639,0.724,0.0,0.0639,-5.47,0.184,109.854,0.382,39,shinee
70,1 of 1 - The 5th Album,2016-09-29,4,0bfd4Rs544zhNmXqSa1Hp9,투명 우산 Don’t Let Me Go,spotify:track:0bfd4Rs544zhNmXqSa1Hp9,0.156,0.605,0.919,0.0,0.671,-3.659,0.0579,92.016,0.789,39,shinee
71,1 of 1 - The 5th Album,2016-09-29,5,1pi18NE7jgf7DSm9yS4q5O,Lipstick,spotify:track:1pi18NE7jgf7DSm9yS4q5O,0.296,0.698,0.816,0.0,0.121,-5.375,0.0672,97.009,0.552,31,shinee
72,1 of 1 - The 5th Album,2016-09-29,6,4AyydjmmNOh7GBrxqXT40l,Don’t Stop,spotify:track:4AyydjmmNOh7GBrxqXT40l,0.229,0.785,0.653,4.73e-05,0.0867,-7.726,0.0664,114.933,0.698,36,shinee
73,1 of 1 - The 5th Album,2016-09-29,7,2HrMPEAoa7ah8UeWuniBhA,SHIFT,spotify:track:2HrMPEAoa7ah8UeWuniBhA,0.116,0.731,0.875,0.0,0.663,-4.689,0.0487,124.973,0.698,38,shinee
74,1 of 1 - The 5th Album,2016-09-29,8,1fPZtMCqUo82XLcQTb5BjK,U Need Me,spotify:track:1fPZtMCqUo82XLcQTb5BjK,0.0134,0.631,0.814,0.0,0.0703,-3.936,0.317,109.604,0.899,29,shinee
75,1 of 1 - The 5th Album,2016-09-29,9,01IsDqqjCIo0VXdgHLwkFX,So Amazing (Special Track),spotify:track:01IsDqqjCIo0VXdgHLwkFX,0.0521,0.672,0.881,0.0,0.227,-3.343,0.0569,110.001,0.838,29,shinee
76,SHINee WORLD IV – The 4th Concert Album,2016-04-20,1,5Q5F6y6yuHd2kJ7Rk8abDO,"SHINee, In the House - Live",spotify:track:5Q5F6y6yuHd2kJ7Rk8abDO,0.553,0.553,0.903,0.00353,0.402,-4.696,0.071,100.014,0.342,24,shinee
77,SHINee WORLD IV – The 4th Concert Album,2016-04-20,2,12KHX4cezUOhjtzs2SmIUs,Sherlock - SHINee WORLD 4 Version / Live,spotify:track:12KHX4cezUOhjtzs2SmIUs,0.0117,0.607,0.97,0.0,0.777,-3.696,0.125,107.031,0.218,27,shinee
78,SHINee WORLD IV – The 4th Concert Album,2016-04-20,3,7gG1m7BBeq93sFtvjvENbL,SHINe (Medusa Ⅰ) - SHINee WORLD 4 Version / Live,spotify:track:7gG1m7BBeq93sFtvjvENbL,0.149,0.63,0.918,0.0,0.54,-3.711,0.0504,101.015,0.37,21,shinee
79,SHINee WORLD IV – The 4th Concert Album,2016-04-20,4,6LtUKITUE2ewYGEarLWHe8,낯선자 Stranger - SHINee WORLD 4 Version / Live,spotify:track:6LtUKITUE2ewYGEarLWHe8,0.0304,0.621,0.945,0.0,0.453,-4.163,0.0623,127.968,0.37,30,shinee
80,SHINee WORLD IV – The 4th Concert Album,2016-04-20,5,10njgTNJxfid3tM7yb6FRi,Picasso - Korean Version / Live,spotify:track:10njgTNJxfid3tM7yb6FRi,0.0055,0.534,0.955,0.0,0.871,-4.38,0.113,128.05,0.281,23,shinee
82,SHINee WORLD IV – The 4th Concert Album,2016-04-20,7,2P5YaMkDdkeugYERZIKnDg,Your Name - Live,spotify:track:2P5YaMkDdkeugYERZIKnDg,0.177,0.57,0.737,1.1e-06,0.911,-5.323,0.0317,89.995,0.534,20,shinee
83,SHINee WORLD IV – The 4th Concert Album,2016-04-20,8,1SqZYcQTykDGoHYqEvz5G5,Your Number - Korean Version / SHINee WORLD 4 Version / Live,spotify:track:1SqZYcQTykDGoHYqEvz5G5,0.00557,0.658,0.945,2.32e-06,0.92,-4.626,0.149,101.018,0.709,21,shinee
84,SHINee WORLD IV – The 4th Concert Album,2016-04-20,9,0ffkZVl4bxpqAkEVfWBQvf,사.계.한 Love Should Go On - SHINee WORLD 4 Version / Live,spotify:track:0ffkZVl4bxpqAkEVfWBQvf,0.471,0.588,0.915,0.0,0.934,-4.113,0.29,99.906,0.285,20,shinee
85,SHINee WORLD IV – The 4th Concert Album,2016-04-20,10,0oMDiYq4WH1QLhPJOXpLjn,사.계.후 Love Still Goes On - SHINee WORLD 4 Version / Live,spotify:track:0oMDiYq4WH1QLhPJOXpLjn,0.107,0.609,0.936,0.0,0.936,-3.067,0.087,114.93,0.473,20,shinee
86,SHINee WORLD IV – The 4th Concert Album,2016-04-20,11,58LydE3vNP7rPPomAU3qLh,닫아줘 Close the Door - Live,spotify:track:58LydE3vNP7rPPomAU3qLh,0.268,0.663,0.674,1.79e-06,0.706,-6.716,0.0321,94.486,0.412,19,shinee
87,SHINee WORLD IV – The 4th Concert Album,2016-04-20,12,4mRmzcMl35PBEPOoEDJnNi,알람시계 (Alarm Clock) - SHINee WORLD 4 Version / Live,spotify:track:4mRmzcMl35PBEPOoEDJnNi,0.0438,0.662,0.896,1.54e-05,0.847,-5.912,0.0658,94.016,0.541,20,shinee
88,SHINee WORLD IV – The 4th Concert Album,2016-04-20,13,1NVhiWxLRAueGsYJFvaPE4,Excuse Me Miss - SHINee WORLD 4 Version / Live,spotify:track:1NVhiWxLRAueGsYJFvaPE4,0.0557,0.675,0.904,0.0,0.918,-4.184,0.122,92.942,0.54,35,shinee
89,SHINee WORLD IV – The 4th Concert Album,2016-04-20,14,5LNS7avx8JzwaKdMzu8UwP,1분만 One Minute Back - Live,spotify:track:5LNS7avx8JzwaKdMzu8UwP,0.0471,0.605,0.935,0.0,0.309,-4.574,0.148,96.997,0.461,19,shinee
90,SHINee WORLD IV – The 4th Concert Album,2016-04-20,15,0qttp3IATYoKEaxI95gXQJ,Colorful - Live,spotify:track:0qttp3IATYoKEaxI95gXQJ,0.0367,0.619,0.983,0.0,0.829,-4.509,0.133,122.048,0.491,20,shinee
91,SHINee WORLD IV – The 4th Concert Album,2016-04-20,16,2TtjuYhstPzvtEZGuvbcQq,JoJo - Live,spotify:track:2TtjuYhstPzvtEZGuvbcQq,0.083,0.678,0.942,0.0,0.838,-5.196,0.0583,126.046,0.691,24,shinee
92,SHINee WORLD IV – The 4th Concert Album,2016-04-20,17,5ov59odzVfZe24Hl8q0nRe,Love Sick - Live,spotify:track:5ov59odzVfZe24Hl8q0nRe,0.267,0.649,0.901,0.0,0.659,-4.829,0.0636,98.981,0.579,19,shinee
93,SHINee WORLD IV – The 4th Concert Album,2016-04-20,18,5eqVHTNZAHw9ljTlgUfJZs,하나 One - Live,spotify:track:5eqVHTNZAHw9ljTlgUfJZs,0.524,0.585,0.593,0.0,0.272,-5.909,0.0324,128.015,0.478,20,shinee
94,SHINee WORLD IV – The 4th Concert Album,2016-04-20,19,0fAbcM5ooLzoSBH9X5IdSk,버리고 가 Better Off - Live,spotify:track:0fAbcM5ooLzoSBH9X5IdSk,0.108,0.629,0.752,0.0,0.697,-6.899,0.051,85.004,0.381,20,shinee
95,SHINee WORLD IV – The 4th Concert Album,2016-04-20,20,14qLzoZjlSpaAJnkyVqzML,너의 노래가 되어 An Ode To You - Live,spotify:track:14qLzoZjlSpaAJnkyVqzML,0.75,0.507,0.289,0.0,0.386,-9.82,0.0296,87.925,0.121,19,shinee
96,SHINee WORLD IV – The 4th Concert Album,2016-04-20,1,25xyVjNnwnLpzvIW7QDaGZ,WOWOWOW - Live,spotify:track:25xyVjNnwnLpzvIW7QDaGZ,0.0651,0.707,0.867,0.0,0.923,-4.386,0.134,91.899,0.553,19,shinee
97,SHINee WORLD IV – The 4th Concert Album,2016-04-20,2,3O6miWJBZGw2Xe9tKDJA10,Woof Woof - SHINee WORLD 4 Version / Live,spotify:track:3O6miWJBZGw2Xe9tKDJA10,0.0241,0.634,0.951,0.0,0.854,-4.085,0.113,117.935,0.539,20,shinee
98,SHINee WORLD IV – The 4th Concert Album,2016-04-20,3,3fTp5wJVzftRcIqdpbDVfa,Dream Girl - SHINee WORLD 4 Version / Live,spotify:track:3fTp5wJVzftRcIqdpbDVfa,0.07,0.74,0.976,0.0,0.764,-4.232,0.297,124.053,0.406,20,shinee
99,SHINee WORLD IV – The 4th Concert Album,2016-04-20,4,1TD9KhR0mJU5ZuTZ782tYd,Runaway - SHINee WORLD 4 Version / Live,spotify:track:1TD9KhR0mJU5ZuTZ782tYd,0.237,0.687,0.916,0.0,0.394,-3.889,0.0676,125.947,0.404,19,shinee
100,SHINee WORLD IV – The 4th Concert Album,2016-04-20,5,285ZQbeEYsDKQAJCSS4hKm,Ready or Not - SHINee WORLD 4 Version / Live,spotify:track:285ZQbeEYsDKQAJCSS4hKm,0.0286,0.645,0.96,0.0,0.933,-4.476,0.069,128.032,0.578,21,shinee
101,SHINee WORLD IV – The 4th Concert Album,2016-04-20,6,4hCaNjMn3vEE8g8CSmi60v,아름다워 Beautiful - SHINee WORLD 4 Version / Live,spotify:track:4hCaNjMn3vEE8g8CSmi60v,0.0273,0.547,0.962,0.0,0.947,-3.405,0.0836,127.87,0.291,20,shinee
102,SHINee WORLD IV – The 4th Concert Album,2016-04-20,7,0L6Aun66GI6q76eE6XsDuj,3 2 1 - Korean Version / Live,spotify:track:0L6Aun66GI6q76eE6XsDuj,0.0305,0.608,0.953,0.0,0.957,-4.363,0.107,148.033,0.59,19,shinee
103,SHINee WORLD IV – The 4th Concert Album,2016-04-20,8,0mwVWkgPV7H9fPR3y3INhs,Nightmare - SHINee WORLD 4 Version / Live,spotify:track:0mwVWkgPV7H9fPR3y3INhs,0.00622,0.646,0.944,0.0,0.858,-3.452,0.124,119.975,0.295,19,shinee
104,SHINee WORLD IV – The 4th Concert Album,2016-04-20,9,7pX6qg6jMdnbxJpRN2Cp6g,다이너마이트 Dynamite - SHINee WORLD 4 Version / Live,spotify:track:7pX6qg6jMdnbxJpRN2Cp6g,0.0271,0.683,0.94,0.0,0.336,-3.526,0.0671,125.032,0.383,21,shinee
105,SHINee WORLD IV – The 4th Concert Album,2016-04-20,10,2PMthyvQWlFP7f7huL2Xn6,Everybody - SHINee WORLD 4 Version / Live,spotify:track:2PMthyvQWlFP7f7huL2Xn6,0.00611,0.592,0.957,0.0,0.954,-4.18,0.122,125.982,0.404,23,shinee
106,SHINee WORLD IV – The 4th Concert Album,2016-04-20,11,1o3vdIE0bTTV6yKTcR2hCT,View - Live,spotify:track:1o3vdIE0bTTV6yKTcR2hCT,0.0367,0.652,0.921,0.0,0.345,-5.14,0.0521,123.963,0.645,22,shinee
107,SHINee WORLD IV – The 4th Concert Album,2016-04-20,12,0MH6EM0mzoPE1vPxwpsrQz,누난 너무 예뻐 Replay - SHINee WORLD 4 Version / Live,spotify:track:0MH6EM0mzoPE1vPxwpsrQz,0.119,0.672,0.898,0.0,0.579,-4.96,0.0498,99.97,0.297,34,shinee
108,SHINee WORLD IV – The 4th Concert Album,2016-04-20,13,7GdEZfyFUQarfTswMpkHcT,Lucky Star - Korean Version / Live,spotify:track:7GdEZfyFUQarfTswMpkHcT,0.0822,0.672,0.974,0.0,0.911,-4.735,0.0609,120.049,0.857,18,shinee
109,SHINee WORLD IV – The 4th Concert Album,2016-04-20,14,0zVAmMpNQEQEdBFqzfKvqq,재연 An Encore - Live,spotify:track:0zVAmMpNQEQEdBFqzfKvqq,0.143,0.575,0.762,0.0,0.945,-5.338,0.0313,117.969,0.315,21,shinee
110,SHINee WORLD IV – The 4th Concert Album,2016-04-20,15,3I9jNVd4k9QdSiVWyzCMrF,Your Number - Korean Version / Bonus Track / Studio Version,spotify:track:3I9jNVd4k9QdSiVWyzCMrF,0.0107,0.673,0.88,0.0,0.123,-4.069,0.149,101.02,0.847,22,shinee
111,SHINee WORLD IV – The 4th Concert Album,2016-04-20,16,4AJRhTgaaiLNg2bpVUUcDX,Picasso - Korean Version / Bonus Track / Studio Version,spotify:track:4AJRhTgaaiLNg2bpVUUcDX,0.00785,0.505,0.94,0.0,0.213,-3.469,0.135,127.956,0.481,21,shinee
112,SHINee WORLD IV – The 4th Concert Album,2016-04-20,17,7kWMm9qjWRqXuuoRuMp8Gm,Lucky Star - Korean Version / Bonus Track / Studio Version,spotify:track:7kWMm9qjWRqXuuoRuMp8Gm,0.0873,0.66,0.939,0.0,0.316,-3.166,0.0889,120.046,0.936,20,shinee
113,D×D×D,2015-12-29,1,3mvHbrLEQQwBP508FREpYJ,D×D×D,spotify:track:3mvHbrLEQQwBP508FREpYJ,0.00739,0.748,0.82,0.0,0.084,-3.531,0.0626,127.975,0.781,29,shinee
114,D×D×D,2015-12-29,2,3x1ACmO4LOe66XcnI7X7BY,Wishful Thinking,spotify:track:3x1ACmO4LOe66XcnI7X7BY,0.0341,0.542,0.924,0.0,0.239,-2.604,0.379,185.945,0.689,22,shinee
115,D×D×D,2015-12-29,3,0Hu2hTHCXev2NtGal3Ntg3,WANTED,spotify:track:0Hu2hTHCXev2NtGal3Ntg3,0.00108,0.617,0.921,0.0,0.123,-2.669,0.0603,82.017,0.918,24,shinee
116,D×D×D,2015-12-29,4,6zn31ZcB3vZXnTV7KOwKTN,BOYS WILL BE BOYS,spotify:track:6zn31ZcB3vZXnTV7KOwKTN,0.0258,0.493,0.891,0.0,0.113,-2.867,0.236,188.117,0.736,22,shinee
117,D×D×D,2015-12-29,5,3l1sRpZXJzkSsvbLMS5x2L,View - Japanese ver.,spotify:track:3l1sRpZXJzkSsvbLMS5x2L,0.118,0.51,0.817,0.0,0.0419,-3.597,0.0548,123.964,0.671,25,shinee
119,D×D×D,2015-12-29,7,4B7Tfi8q1lP8vQW0Mxbh92,Good Good Feeling,spotify:track:4B7Tfi8q1lP8vQW0Mxbh92,0.0114,0.711,0.883,0.0,0.0119,-2.86,0.044,113.994,0.833,23,shinee
120,D×D×D,2015-12-29,8,64Ux38UeVVYgv2cYxsaQiL,Photograph,spotify:track:64Ux38UeVVYgv2cYxsaQiL,0.00655,0.624,0.952,7.55e-06,0.216,-2.99,0.0685,158.937,0.905,23,shinee
121,D×D×D,2015-12-29,9,6fJbGnIDLNoZnieECNX5HN,Sweet Surprise,spotify:track:6fJbGnIDLNoZnieECNX5HN,0.0826,0.573,0.667,0.0,0.26,-6.089,0.0494,82.973,0.516,23,shinee
123,D×D×D,2015-12-29,11,1LjrLiz490ZInhvmCbVel8,Moon Drop,spotify:track:1LjrLiz490ZInhvmCbVel8,0.0399,0.537,0.573,0.0,0.114,-4.914,0.0286,74.999,0.4,26,shinee
124,D×D×D,2015-12-29,12,6DVXWsufX2rWCEBIpGx7KE,LOVE,spotify:track:6DVXWsufX2rWCEBIpGx7KE,0.329,0.517,0.638,0.0,0.313,-4.039,0.0319,147.966,0.526,29,shinee
125,Married To The Music - The 4th Album Repackage,2015-08-03,1,1ogT6eFnEuX5BDH8JoKjX8,Married To The Music,spotify:track:1ogT6eFnEuX5BDH8JoKjX8,0.107,0.729,0.869,0.0,0.0721,-3.24,0.0994,114.995,0.889,49,shinee
126,Married To The Music - The 4th Album Repackage,2015-08-03,2,2yQYEuvSXyyTx31ixs8q0r,SAVIOR,spotify:track:2yQYEuvSXyyTx31ixs8q0r,0.0386,0.719,0.795,0.0,0.0989,-3.828,0.0531,128.03,0.653,36,shinee
134,Married To The Music - The 4th Album Repackage,2015-08-03,10,3WkaNabQ9nQDtRK3qtMk0N,Hold You,spotify:track:3WkaNabQ9nQDtRK3qtMk0N,0.187,0.601,0.825,0.0,0.115,-3.082,0.0909,91.968,0.404,28,shinee
137,Married To The Music - The 4th Album Repackage,2015-08-03,13,6RyrGKoQCqj5OGfySWPhqW,Chocolate,spotify:track:6RyrGKoQCqj5OGfySWPhqW,0.0552,0.687,0.713,0.0,0.343,-3.605,0.212,95.105,0.891,29,shinee
140,Odd - The 4th Album,2015-05-18,1,66f9BsEekmGOQimdPEjFlG,Odd Eye,spotify:track:66f9BsEekmGOQimdPEjFlG,0.364,0.634,0.709,3.67e-06,0.151,-6.131,0.0942,136.088,0.424,43,shinee
141,Odd - The 4th Album,2015-05-18,2,7GQGxxjku3NdnjZELQwMbF,Love Sick,spotify:track:7GQGxxjku3NdnjZELQwMbF,0.241,0.699,0.792,0.0,0.136,-4.627,0.0445,98.979,0.686,41,shinee
142,Odd - The 4th Album,2015-05-18,3,46E1ic6n099e76t5J1TbHn,View,spotify:track:46E1ic6n099e76t5J1TbHn,0.04,0.728,0.801,0.0,0.0415,-4.428,0.0439,123.953,0.656,61,shinee
143,Odd - The 4th Album,2015-05-18,4,61YsdyXJPVKL5YOH70D3gR,Romance,spotify:track:61YsdyXJPVKL5YOH70D3gR,0.00689,0.652,0.863,0.0,0.104,-4.854,0.0749,123.943,0.905,36,shinee
144,Odd - The 4th Album,2015-05-18,5,2AppE6JeQQsLycDiycaCYK,Trigger,spotify:track:2AppE6JeQQsLycDiycaCYK,0.0288,0.676,0.922,0.0,0.092,-2.693,0.115,139.991,0.721,35,shinee
145,Odd - The 4th Album,2015-05-18,6,1CajjfLBczYjYgcwKQRjEj,이별의 길 Farewell My Love,spotify:track:1CajjfLBczYjYgcwKQRjEj,0.032,0.616,0.551,0.0,0.101,-5.61,0.0293,129.876,0.294,37,shinee
146,Odd - The 4th Album,2015-05-18,7,6kHk38aUwGdVQzKK3xjqKU,너의 노래가 되어 An Ode To You,spotify:track:6kHk38aUwGdVQzKK3xjqKU,0.529,0.317,0.265,0.0,0.35,-9.81,0.037,175.332,0.179,33,shinee
147,Odd - The 4th Album,2015-05-18,8,4uDj3BPYBfhMgHDiIgMo7m,Alive,spotify:track:4uDj3BPYBfhMgHDiIgMo7m,0.00981,0.556,0.835,0.0,0.192,-3.245,0.141,74.941,0.683,29,shinee
148,Odd - The 4th Album,2015-05-18,9,3ZBieMYzrxKPr5uDFrlVUS,Woof Woof,spotify:track:3ZBieMYzrxKPr5uDFrlVUS,0.00437,0.676,0.92,0.0,0.44,-3.353,0.0553,117.933,0.749,37,shinee
149,Odd - The 4th Album,2015-05-18,10,1SPX6Np13QyoLF1qdlLl6C,Black Hole,spotify:track:1SPX6Np13QyoLF1qdlLl6C,0.183,0.671,0.957,0.0,0.263,-3.006,0.0452,117.062,0.895,36,shinee
150,Odd - The 4th Album,2015-05-18,11,2BanAml9j9AQjqFhLVILTm,재연 An Encore,spotify:track:2BanAml9j9AQjqFhLVILTm,0.0983,0.538,0.762,0.0,0.0862,-4.051,0.0292,118.05,0.23,41,shinee
151,SHINee THE 3rd CONCERT ALBUM <SHINee WORLD Ⅲ in SEOUL>,2014-12-11,1,5oPFqeLF9gPZ2puMN9dL4g,Code to SHINee WORLD,spotify:track:5oPFqeLF9gPZ2puMN9dL4g,0.00279,0.327,0.891,0.949,0.416,-8.817,0.0462,119.493,0.059,16,shinee
155,SHINee THE 3rd CONCERT ALBUM <SHINee WORLD Ⅲ in SEOUL>,2014-12-11,5,3erDPgjqwarFYnthZgZsn7,Heart of Darkness,spotify:track:3erDPgjqwarFYnthZgZsn7,0.078,0.223,0.716,0.985,0.431,-8.979,0.0841,115.049,0.128,0,shinee
156,SHINee THE 3rd CONCERT ALBUM <SHINee WORLD Ⅲ in SEOUL>,2014-12-11,6,1M0A5ovwdQriEEwrZDuQaj,줄리엣 Juliette,spotify:track:1M0A5ovwdQriEEwrZDuQaj,0.0718,0.6,0.932,0.0,0.971,-3.823,0.12,109.109,0.395,24,shinee
157,SHINee THE 3rd CONCERT ALBUM <SHINee WORLD Ⅲ in SEOUL>,2014-12-11,7,6YCySHA5YOZSVxTXJZE6Nl,Lucifer,spotify:track:6YCySHA5YOZSVxTXJZE6Nl,0.00326,0.701,0.961,9.57e-06,0.497,-5.256,0.0443,125.012,0.487,51,shinee
158,SHINee THE 3rd CONCERT ALBUM <SHINee WORLD Ⅲ in SEOUL>,2014-12-11,8,3rmiwFU8lTm7DSlj4ngN17,Like a Fire,spotify:track:3rmiwFU8lTm7DSlj4ngN17,0.112,0.654,0.846,0.0,0.804,-4.243,0.059,122.061,0.717,27,shinee
160,SHINee THE 3rd CONCERT ALBUM <SHINee WORLD Ⅲ in SEOUL>,2014-12-11,10,3bh3jMLi0quwBLRXMJvFt5,히치하이킹 Hitchhiking,spotify:track:3bh3jMLi0quwBLRXMJvFt5,0.00421,0.65,0.916,0.0,0.683,-3.474,0.0399,108.989,0.502,22,shinee
162,SHINee THE 3rd CONCERT ALBUM <SHINee WORLD Ⅲ in SEOUL>,2014-12-11,12,2Q7TQGzZcviawp9tIUJbTu,빗 속 뉴욕 Queen of NewYork,spotify:track:2Q7TQGzZcviawp9tIUJbTu,0.0301,0.697,0.924,0.0,0.954,-4.432,0.0914,117.988,0.541,18,shinee
163,SHINee THE 3rd CONCERT ALBUM <SHINee WORLD Ⅲ in SEOUL>,2014-12-11,13,19zfZOlIKMrIbL8ScMBl8T,방백 Aside,spotify:track:19zfZOlIKMrIbL8ScMBl8T,0.0537,0.697,0.837,0.0,0.672,-4.052,0.0537,99.985,0.449,20,shinee
164,SHINee THE 3rd CONCERT ALBUM <SHINee WORLD Ⅲ in SEOUL>,2014-12-11,14,3TPhGIynz8QuDAcR1FFs9p,떠나지 못해 Sleepless Night,spotify:track:3TPhGIynz8QuDAcR1FFs9p,0.78,0.289,0.301,0.0,0.899,-10.149,0.0419,74.306,0.259,26,shinee
165,SHINee THE 3rd CONCERT ALBUM <SHINee WORLD Ⅲ in SEOUL>,2014-12-11,15,34OZ7URUaCn47m2sOBIQ3k,오르골 Orgel,spotify:track:34OZ7URUaCn47m2sOBIQ3k,0.23,0.799,0.562,0.0,0.376,-8.409,0.0284,105.016,0.619,22,shinee
166,SHINee THE 3rd CONCERT ALBUM <SHINee WORLD Ⅲ in SEOUL>,2014-12-11,16,3WXh8Hx09weCnfP6HVX6O5,상사병 Symptoms,spotify:track:3WXh8Hx09weCnfP6HVX6O5,0.0299,0.579,0.728,0.0,0.569,-4.748,0.0513,119.975,0.382,22,shinee
170,SHINee THE 3rd CONCERT ALBUM <SHINee WORLD Ⅲ in SEOUL>,2014-12-11,4,6Tn58nJgJkMJ4jSHcHzbV8,Real (SHINee WORLD 3 Version),spotify:track:6Tn58nJgJkMJ4jSHcHzbV8,0.0253,0.588,0.965,0.0,0.936,-4.454,0.111,126.913,0.302,17,shinee
171,SHINee THE 3rd CONCERT ALBUM <SHINee WORLD Ⅲ in SEOUL>,2014-12-11,5,72uVKxKcJ2ftZFGYloK3qK,3 2 1 (Korean Version),spotify:track:72uVKxKcJ2ftZFGYloK3qK,0.0222,0.58,0.891,0.0,0.957,-4.251,0.118,147.89,0.513,19,shinee
173,SHINee THE 3rd CONCERT ALBUM <SHINee WORLD Ⅲ in SEOUL>,2014-12-11,7,0axWwWUGdDnYF1euC5Mra6,다이너마이트 Dynamite,spotify:track:0axWwWUGdDnYF1euC5Mra6,0.154,0.799,0.86,0.0,0.467,-4.067,0.101,125.012,0.465,19,shinee
174,SHINee THE 3rd CONCERT ALBUM <SHINee WORLD Ⅲ in SEOUL>,2014-12-11,8,2DNGD5gd2R3jqmfEHAZ5mI,Ring Ding Dong (SHINee WORLD 3 Version),spotify:track:2DNGD5gd2R3jqmfEHAZ5mI,0.0579,0.754,0.953,0.000313,0.27,-4.147,0.058,124.971,0.273,43,shinee
175,SHINee THE 3rd CONCERT ALBUM <SHINee WORLD Ⅲ in SEOUL>,2014-12-11,9,13iy7byzqYvG0udobyce76,아.미.고 Amigo (SHINee WORLD 1 Version),spotify:track:13iy7byzqYvG0udobyce76,0.00216,0.648,0.983,0.0,0.716,-4.182,0.138,116.972,0.197,19,shinee
176,SHINee THE 3rd CONCERT ALBUM <SHINee WORLD Ⅲ in SEOUL>,2014-12-11,10,0g897yws0iDCXDoeuIfJNC,Hardly Breathing,spotify:track:0g897yws0iDCXDoeuIfJNC,0.000363,0.349,0.892,0.000463,0.92,-7.677,0.292,139.72,0.221,15,shinee
178,SHINee THE 3rd CONCERT ALBUM <SHINee WORLD Ⅲ in SEOUL>,2014-12-11,12,19sutBhtmwk08VWkanQfnd,너와 나의 거리 Selene 6.23,spotify:track:19sutBhtmwk08VWkanQfnd,0.176,0.279,0.587,2.45e-06,0.702,-6.286,0.0444,146.587,0.165,29,shinee
179,SHINee THE 3rd CONCERT ALBUM <SHINee WORLD Ⅲ in SEOUL>,2014-12-11,13,0LDUlca0k5iHIlauOPbMw2,셜록 Sherlock (Clue + Note),spotify:track:0LDUlca0k5iHIlauOPbMw2,0.00628,0.603,0.918,0.0,0.832,-4.271,0.0989,107.022,0.231,24,shinee
182,SHINee THE 3rd CONCERT ALBUM <SHINee WORLD Ⅲ in SEOUL>,2014-12-11,16,5obZuQ3tc1RnkCEkibV53i,초록비 Green Rain,spotify:track:5obZuQ3tc1RnkCEkibV53i,0.0927,0.618,0.775,0.0,0.13,-3.931,0.0342,114.016,0.436,28,shinee
183,SHINee THE 3rd CONCERT ALBUM <SHINee WORLD Ⅲ in SEOUL>,2014-12-11,17,2vM0apeJrWLA64oc56kDl6,3 2 1 (Korean Version) [Studio Version],spotify:track:2vM0apeJrWLA64oc56kDl6,0.0138,0.676,0.837,0.0,0.431,-4.006,0.0523,148.001,0.859,20,shinee
208,I'm Your Boy,2014-09-24,1,7aAkP4aUNB4bhvxaH7KcwG,Downtown Baby,spotify:track:7aAkP4aUNB4bhvxaH7KcwG,0.0165,0.57,0.962,0.0,0.35,-2.098,0.114,130.928,0.727,26,shinee
209,I'm Your Boy,2014-09-24,2,5jbrpePa9rraDyaUbCSZGg,LUCKY STAR,spotify:track:5jbrpePa9rraDyaUbCSZGg,0.0515,0.709,0.943,0.0,0.12,-2.564,0.0702,119.977,0.963,27,shinee
210,I'm Your Boy,2014-09-24,3,4iY4ablm7pRUCxO4ohxUC7,Everybody - Japanese ver.,spotify:track:4iY4ablm7pRUCxO4ohxUC7,0.00588,0.636,0.907,0.0,0.133,-3.514,0.0743,125.97,0.724,37,shinee
211,I'm Your Boy,2014-09-24,4,1R83HCpGaRWKvSalwvnZAS,Picasso,spotify:track:1R83HCpGaRWKvSalwvnZAS,0.00783,0.545,0.942,0.0,0.0911,-1.806,0.119,128.03,0.472,28,shinee
213,I'm Your Boy,2014-09-24,6,3HstGC5cKg5AROwpd3XBRS,365,spotify:track:3HstGC5cKg5AROwpd3XBRS,0.139,0.559,0.91,0.0,0.329,-3.176,0.131,95.977,0.876,21,shinee
214,I'm Your Boy,2014-09-24,7,33Gcy7Lf4mOlmX1pVNQ9ad,Sunny Day Hero,spotify:track:33Gcy7Lf4mOlmX1pVNQ9ad,0.0551,0.676,0.902,0.0,0.256,-3.59,0.0448,125.97,0.708,20,shinee
215,I'm Your Boy,2014-09-24,8,05zLNKJXIHGgrOKDBmowm8,Perfect 10,spotify:track:05zLNKJXIHGgrOKDBmowm8,0.0628,0.891,0.784,5.23e-05,0.0939,-3.899,0.208,127.009,0.875,18,shinee
216,I'm Your Boy,2014-09-24,9,3bXYD1xQceapEDJ7F1z9M5,Bounce,spotify:track:3bXYD1xQceapEDJ7F1z9M5,0.0944,0.833,0.875,0.0,0.0749,-2.161,0.128,110.064,0.85,18,shinee
217,I'm Your Boy,2014-09-24,10,7ui7Hr94kqZbWp4JcO8UuI,Dream Girl - Japanese ver.,spotify:track:7ui7Hr94kqZbWp4JcO8UuI,0.157,0.747,0.914,0.0,0.258,-2.753,0.0838,124.032,0.793,21,shinee
218,I'm Your Boy,2014-09-24,11,7zftjOJv6zuk9dMP6uVXyZ,Colors of the season,spotify:track:7zftjOJv6zuk9dMP6uVXyZ,0.567,0.525,0.726,0.0,0.3,-4.456,0.0317,127.994,0.391,29,shinee
220,The 5th Mini Album 'Everybody',2013-10-14,1,0BiYJIeiAxB8OrCOm9Hgq6,Everybody,spotify:track:0BiYJIeiAxB8OrCOm9Hgq6,0.0065,0.633,0.92,0.0,0.135,-3.045,0.0685,126.027,0.732,46,shinee
221,The 5th Mini Album 'Everybody',2013-10-14,2,7vc01rg1AL6jkYBd61Mfwm,상사병 (Symptoms),spotify:track:7vc01rg1AL6jkYBd61Mfwm,0.261,0.595,0.854,0.0,0.111,-2.971,0.0773,119.796,0.543,40,shinee
222,The 5th Mini Album 'Everybody',2013-10-14,3,3RJh7wleMWLXdEHNqpkwWj,빗 속 뉴욕 (Queen of New York),spotify:track:3RJh7wleMWLXdEHNqpkwWj,0.131,0.758,0.935,0.0,0.453,-2.894,0.095,118.003,0.768,27,shinee
223,The 5th Mini Album 'Everybody',2013-10-14,4,5Vart3wqAGAMRfEtBXY9d5,1분만 (One Minute Back),spotify:track:5Vart3wqAGAMRfEtBXY9d5,0.0648,0.469,0.819,0.0,0.0601,-3.712,0.163,96.927,0.655,28,shinee
224,The 5th Mini Album 'Everybody',2013-10-14,5,531kys6h7skShonteyBd7z,Destination,spotify:track:531kys6h7skShonteyBd7z,0.0119,0.706,0.886,0.0,0.186,-2.8,0.203,92.035,0.571,26,shinee
225,The 5th Mini Album 'Everybody',2013-10-14,6,0AFP03ln8vkhvJisDC8eAI,닫아줘 (Close the Door),spotify:track:0AFP03ln8vkhvJisDC8eAI,0.178,0.497,0.609,6.67e-05,0.301,-5.243,0.0511,188.987,0.528,29,shinee
226,The 5th Mini Album 'Everybody',2013-10-14,7,2euJQiWHkYucBiI3aRJ8SV,Colorful,spotify:track:2euJQiWHkYucBiI3aRJ8SV,0.0413,0.655,0.983,0.0,0.32,-2.588,0.134,122.019,0.702,34,shinee
229,The 3rd Album - The Misconceptions Of Us,2013-08-08,3,60dUdLBCOeC7omvsfaBJYp,Hitchhiking,spotify:track:60dUdLBCOeC7omvsfaBJYp,0.0034,0.619,0.946,0.000331,0.45,-1.851,0.0698,108.986,0.763,28,shinee
232,The 3rd Album - The Misconceptions Of Us,2013-08-08,6,1MuDpOvho4mcATTx2nSJSb,Aside,spotify:track:1MuDpOvho4mcATTx2nSJSb,0.152,0.71,0.882,0.0,0.183,-2.623,0.0573,100.007,0.642,27,shinee
233,The 3rd Album - The Misconceptions Of Us,2013-08-08,7,2pVY2myptcLDJ8Xy0yp7OE,Beautiful,spotify:track:2pVY2myptcLDJ8Xy0yp7OE,0.0423,0.592,0.861,0.0,0.329,-3.241,0.0357,125.033,0.274,26,shinee
234,The 3rd Album - The Misconceptions Of Us,2013-08-08,8,13OebnLmCmi2TfauXDNkFn,Dynamite,spotify:track:13OebnLmCmi2TfauXDNkFn,0.0387,0.727,0.743,0.0,0.382,-1.541,0.0722,125.004,0.611,27,shinee
236,The 3rd Album - The Misconceptions Of Us,2013-08-08,10,2GZ9D36wODanwoK6cGMZ2m,Selene 6.23,spotify:track:2GZ9D36wODanwoK6cGMZ2m,0.499,0.437,0.667,0.0,0.111,-4.503,0.0354,147.704,0.215,36,shinee
239,The 3rd Album - The Misconceptions Of Us,2013-08-08,13,72bQu43INu36jZz2F2fleZ,SHINe (MedusaⅠ),spotify:track:72bQu43INu36jZz2F2fleZ,0.142,0.721,0.852,0.0,0.301,-1.463,0.0459,100.977,0.485,22,shinee
241,The 3rd Album - The Misconceptions Of Us,2013-08-08,15,0oAIMctAb9nhdJLKA6R3UO,Dangerous (Medusa Ⅱ),spotify:track:0oAIMctAb9nhdJLKA6R3UO,0.00971,0.718,0.783,0.0,0.59,-3.247,0.0813,117.951,0.682,22,shinee
246,The 3rd Album - The Misconceptions Of Us,2013-08-08,20,4FtvvdxytcC0vI9wgwmdyG,Better Off,spotify:track:4FtvvdxytcC0vI9wgwmdyG,0.0153,0.632,0.803,0.0,0.161,-6.666,0.121,84.963,0.359,26,shinee
259,Boys Meet U,2013-06-21,1,6j3AppbwPRuos5jQPZ7ZPn,Password,spotify:track:6j3AppbwPRuos5jQPZ7ZPn,0.113,0.599,0.91,1.64e-06,0.115,-4.255,0.0589,98.011,0.319,22,shinee
263,Boys Meet U,2013-06-21,5,2mTTb6SYZ98mEqRjb9hsbj,Run With Me,spotify:track:2mTTb6SYZ98mEqRjb9hsbj,0.147,0.636,0.895,0.0,0.266,-3.14,0.0304,108.005,0.646,23,shinee
264,Boys Meet U,2013-06-21,6,7hsCJ5bB8V173HFOEp5UZ3,Kiss Yo,spotify:track:7hsCJ5bB8V173HFOEp5UZ3,0.0281,0.554,0.986,0.0,0.076,-2.773,0.153,160.092,0.598,19,shinee
265,Boys Meet U,2013-06-21,7,0z8E3KRI6eDNxDCJiEFxim,君がいる世界,spotify:track:0z8E3KRI6eDNxDCJiEFxim,0.254,0.444,0.688,0.0,0.0778,-4.176,0.039,173.978,0.63,24,shinee
266,Boys Meet U,2013-06-21,8,4cy43DRWnB0DUN9U0f71zy,Keeping love again,spotify:track:4cy43DRWnB0DUN9U0f71zy,0.354,0.679,0.862,0.0,0.0609,-3.41,0.0314,97.994,0.549,25,shinee
267,Boys Meet U,2013-06-21,9,03dPm6RhOqImrqG6URFl8z,BURNING UP!,spotify:track:03dPm6RhOqImrqG6URFl8z,0.0747,0.725,0.886,0.0,0.425,-3.041,0.0786,120.044,0.744,19,shinee
270,Boys Meet U,2013-06-21,12,0LWGUlbOhyVotjMqE5qroC,I'm with you,spotify:track:0LWGUlbOhyVotjMqE5qroC,0.537,0.379,0.573,0.0,0.09,-6.011,0.0315,204.281,0.343,27,shinee
271,The 3rd Album Chapter 2. 'Why So Serious? - The Misconceptions Of Me',2013-04-26,1,6VA4tRjw0mVHTp8qrQUgE0,Nightmare,spotify:track:6VA4tRjw0mVHTp8qrQUgE0,0.0079,0.706,0.86,0.0,0.203,-3.225,0.107,119.949,0.64,27,shinee
272,The 3rd Album Chapter 2. 'Why So Serious? - The Misconceptions Of Me',2013-04-26,2,6LgRAevtPVeJGNoF2ZAQeI,Why So Serious?,spotify:track:6LgRAevtPVeJGNoF2ZAQeI,0.111,0.654,0.965,0.0,0.169,-1.467,0.0663,110.03,0.641,40,shinee
273,The 3rd Album Chapter 2. 'Why So Serious? - The Misconceptions Of Me',2013-04-26,3,0vGE9EqATO9Vs7mxEhQY8x,SHINe (Medusa I),spotify:track:0vGE9EqATO9Vs7mxEhQY8x,0.142,0.721,0.852,0.0,0.301,-1.463,0.0459,100.977,0.485,24,shinee
274,The 3rd Album Chapter 2. 'Why So Serious? - The Misconceptions Of Me',2013-04-26,4,1pV4XUjmdxfdOvmQL6I2mr,Orgel,spotify:track:1pV4XUjmdxfdOvmQL6I2mr,0.484,0.758,0.628,2.31e-06,0.0855,-6.48,0.0299,104.987,0.672,29,shinee
275,The 3rd Album Chapter 2. 'Why So Serious? - The Misconceptions Of Me',2013-04-26,5,0UNZLoq6KyOG2gmObbR8ob,Dangerous (Medusa II),spotify:track:0UNZLoq6KyOG2gmObbR8ob,0.00971,0.718,0.783,0.0,0.59,-3.247,0.0813,117.951,0.682,24,shinee
276,The 3rd Album Chapter 2. 'Why So Serious? - The Misconceptions Of Me',2013-04-26,6,18afrlejRAZfnJj1xXWhcH,Like A Fire,spotify:track:18afrlejRAZfnJj1xXWhcH,0.0821,0.743,0.778,0.0,0.0462,-3.255,0.0446,122.015,0.951,29,shinee
278,The 3rd Album Chapter 2. 'Why So Serious? - The Misconceptions Of Me',2013-04-26,8,5UgyOLHidxNLTXK2fPPq2z,Evil,spotify:track:5UgyOLHidxNLTXK2fPPq2z,0.14,0.828,0.861,0.0,0.101,-3.598,0.0997,124.957,0.646,31,shinee
279,The 3rd Album Chapter 2. 'Why So Serious? - The Misconceptions Of Me',2013-04-26,9,49X9GMp2yLIvixh9tilJoU,Sleepless Night,spotify:track:49X9GMp2yLIvixh9tilJoU,0.822,0.492,0.378,0.0,0.123,-7.748,0.031,131.809,0.39,27,shinee
280,The 3rd Album Chapter 1. 'Dream Girl - The Misconceptions of You',2013-02-19,1,2jv2Em33WMMw6Jl1L1RNJJ,Spoiler,spotify:track:2jv2Em33WMMw6Jl1L1RNJJ,0.018,0.612,0.819,0.0,0.346,-3.437,0.142,104.923,0.427,29,shinee
281,The 3rd Album Chapter 1. 'Dream Girl - The Misconceptions of You',2013-02-19,2,3PrdbYsr8JsDW8f4Tob5pW,Dream Girl,spotify:track:3PrdbYsr8JsDW8f4Tob5pW,0.0429,0.724,0.939,0.0,0.304,-0.698,0.0736,124.063,0.732,44,shinee
282,The 3rd Album Chapter 1. 'Dream Girl - The Misconceptions of You',2013-02-19,3,1PQZCoS2ZRPZFSspJ1GbR6,히치하이킹 (Hitchhiking),spotify:track:1PQZCoS2ZRPZFSspJ1GbR6,0.0034,0.619,0.946,0.000331,0.45,-1.851,0.0698,108.986,0.763,28,shinee
283,The 3rd Album Chapter 1. 'Dream Girl - The Misconceptions of You',2013-02-19,4,7l9l8DVvXosPhpRIfLOTD9,Punch Drunk Love,spotify:track:7l9l8DVvXosPhpRIfLOTD9,0.225,0.843,0.795,0.0,0.528,-2.508,0.0653,104.978,0.744,27,shinee
284,The 3rd Album Chapter 1. 'Dream Girl - The Misconceptions of You',2013-02-19,5,5MNvJHT2vBPsmoxCnIi0uO,"Girls, Girls, Girls",spotify:track:5MNvJHT2vBPsmoxCnIi0uO,0.0445,0.689,0.899,0.0,0.0514,-2.529,0.185,172.111,0.917,28,shinee
285,The 3rd Album Chapter 1. 'Dream Girl - The Misconceptions of You',2013-02-19,6,2S4c5f4N7rjQh1N3pCsNMR,방백 (Aside),spotify:track:2S4c5f4N7rjQh1N3pCsNMR,0.152,0.71,0.882,0.0,0.183,-2.623,0.0573,100.007,0.642,30,shinee
286,The 3rd Album Chapter 1. 'Dream Girl - The Misconceptions of You',2013-02-19,7,1jshsPYbDIMMUxbCq8eqT9,아름다워 (Beautiful),spotify:track:1jshsPYbDIMMUxbCq8eqT9,0.0423,0.592,0.861,0.0,0.329,-3.241,0.0357,125.033,0.274,29,shinee
287,The 3rd Album Chapter 1. 'Dream Girl - The Misconceptions of You',2013-02-19,8,3EsnrEOCRTAfyQ2grBas6c,다이너마이트 (Dynamite),spotify:track:3EsnrEOCRTAfyQ2grBas6c,0.0387,0.727,0.743,0.0,0.382,-1.541,0.0722,125.004,0.611,27,shinee
288,The 3rd Album Chapter 1. 'Dream Girl - The Misconceptions of You',2013-02-19,9,35ZCMJM9kkV6DoBYuVyusY,Runaway,spotify:track:35ZCMJM9kkV6DoBYuVyusY,0.101,0.794,0.909,0.0,0.1,-1.905,0.0677,126.018,0.858,26,shinee
289,Sherlock,2012-03-21,1,2sVtrcj32v3fR8mLjqWziv,Sherlock (Clue + Note),spotify:track:2sVtrcj32v3fR8mLjqWziv,0.0069,0.64,0.937,0.0,0.393,-2.112,0.0839,107.013,0.316,54,shinee
290,Sherlock,2012-03-21,2,0TMFkkSBm0kyVZeYQcGNjB,Clue,spotify:track:0TMFkkSBm0kyVZeYQcGNjB,0.00268,0.687,0.921,1.54e-06,0.265,-2.133,0.0501,107.045,0.3,29,shinee
291,Sherlock,2012-03-21,3,0JottZKMJFyhzttdZfuM9T,Note,spotify:track:0JottZKMJFyhzttdZfuM9T,0.0559,0.578,0.948,0.0,0.232,-2.061,0.152,107.191,0.601,28,shinee
292,Sherlock,2012-03-21,4,0vmAXhoWnUsbaT69SbX3JJ,Alarm Clock,spotify:track:0vmAXhoWnUsbaT69SbX3JJ,0.0484,0.655,0.881,2.5e-06,0.0632,-4.075,0.0602,94.005,0.731,30,shinee
293,Sherlock,2012-03-21,5,6ncP102bxNYWrEcgzXXMYy,The Reason,spotify:track:6ncP102bxNYWrEcgzXXMYy,0.14,0.527,0.715,0.0,0.0845,-5.82,0.0369,132.964,0.355,32,shinee
294,Sherlock,2012-03-21,6,58odzD4sVaiRyWCbiUFm4s,Stranger (Korean Version),spotify:track:58odzD4sVaiRyWCbiUFm4s,0.0367,0.802,0.788,0.0,0.246,-3.787,0.066,127.943,0.742,35,shinee
295,Sherlock,2012-03-21,7,2EFCh6MtGVKxGPVDH3jY3L,Honesty,spotify:track:2EFCh6MtGVKxGPVDH3jY3L,0.66,0.794,0.345,0.0,0.155,-8.013,0.0341,116.091,0.59,33,shinee
296,"SHINee The 1st Asia Tour Concert ""SHINee World""",2012-02-27,1,038UuQkhXS6EUSlMm2Xuz6,Into The SHINee World - Live,spotify:track:038UuQkhXS6EUSlMm2Xuz6,0.00545,0.318,0.765,0.381,0.0981,-7.137,0.0403,110.011,0.196,2,shinee
297,"SHINee The 1st Asia Tour Concert ""SHINee World""",2012-02-27,2,52s7bq8LGotVyfG9OGNyng,The SHINee World (Doo-Bop) - Rearranged / Live,spotify:track:52s7bq8LGotVyfG9OGNyng,0.019,0.782,0.826,1.75e-05,0.33,-6.403,0.0466,112.006,0.464,4,shinee
298,"SHINee The 1st Asia Tour Concert ""SHINee World""",2012-02-27,3,0my67CvYc4sPIYswKAPu9L,Senorita - Rearranged / Live,spotify:track:0my67CvYc4sPIYswKAPu9L,0.0798,0.776,0.847,2.71e-06,0.926,-6.357,0.0965,106.016,0.417,3,shinee
300,"SHINee The 1st Asia Tour Concert ""SHINee World""",2012-02-27,5,0n6RIu5Mn1eQqkO1Dffj0h,Amigo - Rearranged / Live,spotify:track:0n6RIu5Mn1eQqkO1Dffj0h,0.00634,0.641,0.976,0.0,0.372,-3.791,0.239,116.814,0.221,2,shinee
301,"SHINee The 1st Asia Tour Concert ""SHINee World""",2012-02-27,6,11taIf9644BLv0hF6nvGT9,Juliette - Rearranged / Live,spotify:track:11taIf9644BLv0hF6nvGT9,0.112,0.672,0.916,0.0,0.96,-4.998,0.0679,109.005,0.64,3,shinee
305,"SHINee The 1st Asia Tour Concert ""SHINee World""",2012-02-27,10,26pie9uK7yKK7JFNU7pMLZ,Love Still Goes On - Live,spotify:track:26pie9uK7yKK7JFNU7pMLZ,0.101,0.699,0.762,0.0,0.886,-4.788,0.198,114.937,0.477,4,shinee
307,"SHINee The 1st Asia Tour Concert ""SHINee World""",2012-02-27,12,6LhQC50ymbQaMkSbKuydZs,O.M.G - Live,spotify:track:6LhQC50ymbQaMkSbKuydZs,0.257,0.791,0.827,7.28e-06,0.737,-6.828,0.0544,130.029,0.552,2,shinee
308,"SHINee The 1st Asia Tour Concert ""SHINee World""",2012-02-27,13,2n4khs7aafByw0x86wNWFB,Romeo + Juliette - Rearranged / Live,spotify:track:2n4khs7aafByw0x86wNWFB,0.313,0.61,0.632,2.4e-06,0.15,-6.557,0.0371,107.908,0.355,3,shinee
309,"SHINee The 1st Asia Tour Concert ""SHINee World""",2012-02-27,14,0OPFZ9BTmd69Mbaezn2pN2,My First Kiss - Live,spotify:track:0OPFZ9BTmd69Mbaezn2pN2,0.0592,0.58,0.826,0.0,0.879,-6.372,0.149,136.54,0.657,4,shinee
311,"SHINee The 1st Asia Tour Concert ""SHINee World""",2012-02-27,16,791xOthe6ZD30t97paFPYV,Romantic - Live,spotify:track:791xOthe6ZD30t97paFPYV,0.206,0.61,0.619,0.0,0.625,-6.218,0.0809,127.611,0.453,4,shinee
312,"SHINee The 1st Asia Tour Concert ""SHINee World""",2012-02-27,17,0hJ6i5PHYTUEH8bgZhgo7x,Obsession - Live,spotify:track:0hJ6i5PHYTUEH8bgZhgo7x,0.248,0.596,0.761,0.0,0.631,-5.93,0.155,74.829,0.75,4,shinee
313,"SHINee The 1st Asia Tour Concert ""SHINee World""",2012-02-27,18,3GBbzy2YSMSDt7JZswMYV9,Graze - Live,spotify:track:3GBbzy2YSMSDt7JZswMYV9,0.55,0.584,0.729,0.0,0.228,-5.145,0.0758,83.919,0.674,3,shinee
314,"SHINee The 1st Asia Tour Concert ""SHINee World""",2012-02-27,1,3fLqgN6J8zlplY3pxqbTTN,Replay - Live,spotify:track:3fLqgN6J8zlplY3pxqbTTN,0.184,0.703,0.712,3.44e-06,0.663,-5.491,0.1,99.99,0.598,25,shinee
315,"SHINee The 1st Asia Tour Concert ""SHINee World""",2012-02-27,2,6gSBMFLZ90cyekixpNiyiQ,Love Like Oxygen - Live,spotify:track:6gSBMFLZ90cyekixpNiyiQ,0.0104,0.681,0.776,0.0,0.868,-4.279,0.106,98.272,0.759,7,shinee
316,"SHINee The 1st Asia Tour Concert ""SHINee World""",2012-02-27,3,0iPsWbn29bc8lmAJuwJdY9,Quasimodo - Live,spotify:track:0iPsWbn29bc8lmAJuwJdY9,0.333,0.358,0.526,0.0,0.822,-7.385,0.0392,141.636,0.31,5,shinee
318,"SHINee The 1st Asia Tour Concert ""SHINee World""",2012-02-27,5,06JuvMoVijZXyLy1nJ9xup,Nessun Dorma - Live,spotify:track:06JuvMoVijZXyLy1nJ9xup,0.97,0.226,0.251,5.57e-05,0.688,-9.071,0.0306,105.399,0.0746,6,shinee
319,"SHINee The 1st Asia Tour Concert ""SHINee World""",2012-02-27,6,2Hsp7oI86h44uFz99AKwP0,Sum Jip A Gi - Live,spotify:track:2Hsp7oI86h44uFz99AKwP0,0.824,0.28,0.27,0.00169,0.5,-12.39,0.0357,110.464,0.145,2,shinee
320,"SHINee The 1st Asia Tour Concert ""SHINee World""",2012-02-27,7,7FaJrYIgWae3PXn4HNDO7p,Ring Ding Dong - Rearranged / Live,spotify:track:7FaJrYIgWae3PXn4HNDO7p,0.0505,0.656,0.912,0.00892,0.331,-5.059,0.0393,124.946,0.644,11,shinee
322,"SHINee The 1st Asia Tour Concert ""SHINee World""",2012-02-27,9,3A7J9X5zdvLzn0ceOd2OL6,Ready Or Not - Live,spotify:track:3A7J9X5zdvLzn0ceOd2OL6,0.105,0.687,0.768,0.0,0.768,-4.511,0.103,127.894,0.439,3,shinee
323,"SHINee The 1st Asia Tour Concert ""SHINee World""",2012-02-27,10,1IIuYreFSHHM5xueMQe2GI,Lucifer - Rearranged / Live,spotify:track:1IIuYreFSHHM5xueMQe2GI,0.012,0.775,0.822,0.0,0.304,-5.817,0.0416,125.023,0.636,3,shinee
325,"SHINee The 1st Asia Tour Concert ""SHINee World""",2012-02-27,12,3klI3fLcalRUw4WADDliq3,Bodyguard - Rearranged / Live,spotify:track:3klI3fLcalRUw4WADDliq3,0.147,0.68,0.94,0.0,0.37,-4.595,0.129,124.869,0.68,5,shinee
326,"SHINee The 1st Asia Tour Concert ""SHINee World""",2012-02-27,13,1pOpiwC21TyuenYNw2OSTN,One - Live,spotify:track:1pOpiwC21TyuenYNw2OSTN,0.331,0.55,0.561,0.0,0.147,-6.149,0.044,127.855,0.407,6,shinee
327,"SHINee The 1st Asia Tour Concert ""SHINee World""",2012-02-27,14,3J8NrJ7Bjceu8HC5aZO1UY,The SHINee World (Doo-Bop) - Rearranged / Studio Version,spotify:track:3J8NrJ7Bjceu8HC5aZO1UY,0.0278,0.838,0.727,1.31e-06,0.324,-5.223,0.0686,112.003,0.686,3,shinee
328,"SHINee The 1st Asia Tour Concert ""SHINee World""",2012-02-27,15,6YSicQLBTlM24wCwEEYPeC,Amigo - Rearranged / Studio Version,spotify:track:6YSicQLBTlM24wCwEEYPeC,0.000609,0.623,0.988,1.66e-06,0.0988,-3.706,0.0638,116.966,0.548,1,shinee
329,"SHINee The 1st Asia Tour Concert ""SHINee World""",2012-02-27,16,3N1lSkQ29yAx8KJq19SfbY,Lucifer - Rearranged / Studio Version,spotify:track:3N1lSkQ29yAx8KJq19SfbY,0.00866,0.764,0.825,0.0,0.132,-4.36,0.0399,125.02,0.646,5,shinee
330,SHINee World (The 1st Asia Tour Album),2012-02-01,1,1cjNh9j9KoudxXcoyq9YWU,Into the SHINee World - Live,spotify:track:1cjNh9j9KoudxXcoyq9YWU,0.00545,0.318,0.765,0.381,0.0981,-7.137,0.0403,110.012,0.196,14,shinee
331,SHINee World (The 1st Asia Tour Album),2012-02-01,2,0iK4OQBSzXX5mYAnxnA00j,The SHINee World (Doo-Bop) [Rearranged] - Live,spotify:track:0iK4OQBSzXX5mYAnxnA00j,0.019,0.782,0.826,1.75e-05,0.33,-6.403,0.0466,112.006,0.464,21,shinee
332,SHINee World (The 1st Asia Tour Album),2012-02-01,3,4LXew9aY3TVwKzjls55t2c,세뇨리따 Senorita (Rearranged) - Live,spotify:track:4LXew9aY3TVwKzjls55t2c,0.0798,0.776,0.847,2.71e-06,0.926,-6.357,0.0965,106.016,0.417,16,shinee
333,SHINee World (The 1st Asia Tour Album),2012-02-01,4,4tBShNNAGAALWJXUQjJY9A,Get Down - Live,spotify:track:4tBShNNAGAALWJXUQjJY9A,0.231,0.644,0.964,0.0,0.862,-4.501,0.343,106.919,0.657,13,shinee
334,SHINee World (The 1st Asia Tour Album),2012-02-01,5,3ZA0Jc0TBlCb9TI6aPaYhu,아.미.고 Amigo (Rearranged) - Live,spotify:track:3ZA0Jc0TBlCb9TI6aPaYhu,0.00634,0.641,0.976,0.0,0.372,-3.791,0.239,116.814,0.221,14,shinee
335,SHINee World (The 1st Asia Tour Album),2012-02-01,6,4eguUv8MIviQA5U39CWn7W,줄리엣 Juliette [Rearranged] - Live,spotify:track:4eguUv8MIviQA5U39CWn7W,0.112,0.672,0.916,0.0,0.96,-4.998,0.068,109.005,0.639,17,shinee
336,SHINee World (The 1st Asia Tour Album),2012-02-01,7,073MKiHnvmzA3dUFnhBboP,Hello - Live,spotify:track:073MKiHnvmzA3dUFnhBboP,0.142,0.645,0.7,0.0,0.928,-5.249,0.0627,96.965,0.524,34,shinee
338,SHINee World (The 1st Asia Tour Album),2012-02-01,9,2loiab7rLHiw0hbWiIE2SC,Stand By Me - Live,spotify:track:2loiab7rLHiw0hbWiIE2SC,0.406,0.732,0.718,0.0,0.78,-5.442,0.0393,110.949,0.585,52,shinee
339,SHINee World (The 1st Asia Tour Album),2012-02-01,10,1uEcr2vqYibqHrIuy9rKbo,사.계.후 (Love Still Goes On) - Live,spotify:track:1uEcr2vqYibqHrIuy9rKbo,0.101,0.699,0.762,0.0,0.886,-4.788,0.198,114.937,0.477,15,shinee
340,SHINee World (The 1st Asia Tour Album),2012-02-01,11,6ga87yFI8EUzwPvt9oA0PH,Girls - Live,spotify:track:6ga87yFI8EUzwPvt9oA0PH,0.266,0.758,0.85,0.0,0.339,-6.375,0.126,135.989,0.653,14,shinee
341,SHINee World (The 1st Asia Tour Album),2012-02-01,12,3lTw7JC7cbBPnw0IRkSTtb,OMG (MINHO Solo) - Live,spotify:track:3lTw7JC7cbBPnw0IRkSTtb,0.257,0.791,0.827,7.28e-06,0.737,-6.828,0.0544,130.029,0.552,19,shinee
342,SHINee World (The 1st Asia Tour Album),2012-02-01,13,2POap6N80B4MIGP3qZIJxd,"소년, 소녀를 만나다 (Romeo+Juliette) [Rearranged] [TAEMIN Solo] - Live",spotify:track:2POap6N80B4MIGP3qZIJxd,0.313,0.61,0.632,2.4e-06,0.15,-6.557,0.0371,107.908,0.355,16,shinee
343,SHINee World (The 1st Asia Tour Album),2012-02-01,14,6m3125vUtgUDj5csjD41lc,My First Kiss (KEY Solo) - Live,spotify:track:6m3125vUtgUDj5csjD41lc,0.0592,0.58,0.826,0.0,0.879,-6.372,0.149,136.54,0.657,16,shinee
344,SHINee World (The 1st Asia Tour Album),2012-02-01,15,2ExB83aKeGay5s3BxNFxex,A-Yo - Live,spotify:track:2ExB83aKeGay5s3BxNFxex,0.581,0.665,0.829,0.0,0.697,-3.951,0.0685,86.995,0.525,23,shinee
345,SHINee World (The 1st Asia Tour Album),2012-02-01,16,48qWBDljyIQS35Ap0doVO3,너 아니면 안 되는 걸 (Romantic) - Live,spotify:track:48qWBDljyIQS35Ap0doVO3,0.206,0.61,0.619,0.0,0.625,-6.218,0.0809,127.611,0.453,21,shinee
346,SHINee World (The 1st Asia Tour Album),2012-02-01,17,6bwZ73QJej9a4RZs9XYm3M,욕 慾 [Obsession] - Live,spotify:track:6bwZ73QJej9a4RZs9XYm3M,0.248,0.596,0.761,0.0,0.631,-5.93,0.155,74.827,0.75,17,shinee
347,SHINee World (The 1st Asia Tour Album),2012-02-01,18,4xpL726TpKAOe8wxpGppkg,화장을 하고 (Graze) - Live,spotify:track:4xpL726TpKAOe8wxpGppkg,0.55,0.584,0.729,0.0,0.228,-5.145,0.0758,83.92,0.674,17,shinee
348,SHINee World (The 1st Asia Tour Album),2012-02-01,1,2O7DJ26ffSpxD3giTttz6m,누난 너무 예뻐 (Replay) - Live,spotify:track:2O7DJ26ffSpxD3giTttz6m,0.184,0.703,0.712,3.44e-06,0.663,-5.491,0.1,99.99,0.598,37,shinee
349,SHINee World (The 1st Asia Tour Album),2012-02-01,2,2Heh5NPsfiVcMFVRZQ63fi,산소 같은 너 Love Like Oxygen - Live,spotify:track:2Heh5NPsfiVcMFVRZQ63fi,0.0104,0.681,0.776,0.0,0.868,-4.279,0.106,98.272,0.759,25,shinee
350,SHINee World (The 1st Asia Tour Album),2012-02-01,3,1UbKU1TzTwXh64Dc3YNNyj,화살 (Quasimodo) - Live,spotify:track:1UbKU1TzTwXh64Dc3YNNyj,0.333,0.358,0.526,0.0,0.822,-7.385,0.0392,141.636,0.31,21,shinee
351,SHINee World (The 1st Asia Tour Album),2012-02-01,4,7vzxBGF7tVmIZZ1qHFgTPv,Life - Live,spotify:track:7vzxBGF7tVmIZZ1qHFgTPv,0.667,0.592,0.516,0.0,0.535,-7.22,0.0502,124.002,0.286,19,shinee
352,SHINee World (The 1st Asia Tour Album),2012-02-01,5,66fgtG7gKxqKt6lUvIZwlU,Nessun Dorma (공주는 잠 못 이루고) [ONEW Solo] - Live,spotify:track:66fgtG7gKxqKt6lUvIZwlU,0.97,0.226,0.251,5.57e-05,0.688,-9.071,0.0306,105.399,0.0746,19,shinee
353,SHINee World (The 1st Asia Tour Album),2012-02-01,6,5SK1j5687QyiGwK4pBUm62,섬집아기 - Live,spotify:track:5SK1j5687QyiGwK4pBUm62,0.824,0.28,0.27,0.00169,0.5,-12.39,0.0357,110.464,0.145,15,shinee
354,SHINee World (The 1st Asia Tour Album),2012-02-01,7,014c7E4c4qsIOsPn31OGp2,Ring Ding Dong (Rearranged) - Live,spotify:track:014c7E4c4qsIOsPn31OGp2,0.0505,0.656,0.912,0.00892,0.331,-5.059,0.0393,124.946,0.644,34,shinee
355,SHINee World (The 1st Asia Tour Album),2012-02-01,8,39hYyL6hIlhl6QbVbzmvKA,Up & Down - Live,spotify:track:39hYyL6hIlhl6QbVbzmvKA,0.338,0.76,0.657,0.0,0.815,-5.578,0.0646,114.983,0.397,17,shinee
356,SHINee World (The 1st Asia Tour Album),2012-02-01,9,0Gh6VJAYR1JnkMxq71va6j,Ready or Not - Live,spotify:track:0Gh6VJAYR1JnkMxq71va6j,0.105,0.687,0.768,0.0,0.768,-4.511,0.103,127.894,0.439,15,shinee
357,SHINee World (The 1st Asia Tour Album),2012-02-01,10,1PUO4DtMkZrR5qmjUT5oul,LUCIFER (Rearranged) - Live,spotify:track:1PUO4DtMkZrR5qmjUT5oul,0.012,0.775,0.822,0.0,0.304,-5.817,0.0416,125.023,0.636,20,shinee
358,SHINee World (The 1st Asia Tour Album),2012-02-01,11,7Fs4s58YXdSLOvdPZvINiY,Jo Jo - Live,spotify:track:7Fs4s58YXdSLOvdPZvINiY,0.188,0.772,0.839,0.0,0.737,-4.781,0.127,125.999,0.468,19,shinee
359,SHINee World (The 1st Asia Tour Album),2012-02-01,12,0mpAxBhKkebRrooO5ZhXfB,보디가드 Bodyguard [Rearranged] - Live,spotify:track:0mpAxBhKkebRrooO5ZhXfB,0.147,0.68,0.94,0.0,0.37,-4.595,0.129,124.869,0.68,18,shinee
361,SHINee World (The 1st Asia Tour Album),2012-02-01,14,393BZEhTpGA6hkcFPwnUku,The SHINee World (Doo-Bop) [Rearranged] [Studio Version] - Live,spotify:track:393BZEhTpGA6hkcFPwnUku,0.0278,0.838,0.727,1.31e-06,0.324,-5.223,0.0686,112.003,0.686,16,shinee
362,SHINee World (The 1st Asia Tour Album),2012-02-01,15,30KMYcbvft2sBZxhNZBEzD,아.미.고 Amigo [Rearranged] [Studio Version] - Live,spotify:track:30KMYcbvft2sBZxhNZBEzD,0.000609,0.623,0.988,1.66e-06,0.0988,-3.706,0.0638,116.966,0.548,15,shinee
363,SHINee World (The 1st Asia Tour Album),2012-02-01,16,5xNT0CDU3RZ1nh1G7RvBlG,LUCIFER (Rearranged) [Studio Version] - Live,spotify:track:5xNT0CDU3RZ1nh1G7RvBlG,0.00866,0.764,0.825,0.0,0.132,-4.36,0.0399,125.02,0.646,26,shinee
365,THE FIRST,2011-12-02,2,0kfuUHKOkQraKRwEVFJ1hk,Amigo - Japanese ver.,spotify:track:0kfuUHKOkQraKRwEVFJ1hk,0.0265,0.81,0.86,0.0,0.315,-2.061,0.0445,117.014,0.521,21,shinee
366,THE FIRST,2011-12-02,3,65VrCOfrpp4jDk7HnupdIG,JULIETTE,spotify:track:65VrCOfrpp4jDk7HnupdIG,0.164,0.675,0.914,0.0,0.226,-2.863,0.107,109.025,0.697,28,shinee
367,THE FIRST,2011-12-02,4,0ivgcvONavdC9d5M3gIbee,BETTER,spotify:track:0ivgcvONavdC9d5M3gIbee,0.0579,0.47,0.861,0.0,0.298,-3.71,0.118,80.249,0.596,24,shinee
368,THE FIRST,2011-12-02,5,6EMUobDdIe8ZYzqaXFrPVM,To Your Heart,spotify:track:6EMUobDdIe8ZYzqaXFrPVM,0.0359,0.599,0.995,0.0,0.599,-2.05,0.172,101.002,0.233,25,shinee
369,THE FIRST,2011-12-02,6,39yuKIbh8DeBjMppveccQf,Always Love,spotify:track:39yuKIbh8DeBjMppveccQf,0.0521,0.676,0.733,0.0,0.074,-3.207,0.0258,88.018,0.708,24,shinee
370,THE FIRST,2011-12-02,7,460eZcZsxNbWcs1DQDC9P8,Replay -君は僕のeverything-,spotify:track:460eZcZsxNbWcs1DQDC9P8,0.201,0.737,0.659,2.37e-06,0.0879,-5.478,0.0768,99.968,0.565,29,shinee
371,THE FIRST,2011-12-02,8,6p6GozMPeMFFPdVxHwykWk,START,spotify:track:6p6GozMPeMFFPdVxHwykWk,0.0985,0.782,0.811,0.0,0.479,-3.254,0.0552,125.036,0.723,20,shinee
374,THE FIRST,2011-12-02,11,1e0QdhAsMRFThOiZv1Z6UJ,The SHINee World,spotify:track:1e0QdhAsMRFThOiZv1Z6UJ,0.0144,0.834,0.776,0.0,0.088,-4.655,0.0525,111.989,0.701,21,shinee
375,THE FIRST,2011-12-02,12,2f2yPvMTbFplzpu1TgAAOG,Seesaw,spotify:track:2f2yPvMTbFplzpu1TgAAOG,0.123,0.734,0.907,2.17e-06,0.0708,-3.699,0.0703,96.03,0.903,20,shinee
376,THE FIRST,2011-12-02,13,3oZqiLgOmKISwkY2BK1TqI,Stranger,spotify:track:3oZqiLgOmKISwkY2BK1TqI,0.031,0.78,0.813,0.0,0.313,-3.655,0.0736,127.914,0.702,27,shinee
391,Hello - SHINee The 2nd Album Repackage,2010-10-04,2,5udkCCQRyrMgrpHsepMRHX,Hello,spotify:track:5udkCCQRyrMgrpHsepMRHX,0.0674,0.761,0.669,0.0,0.0622,-3.973,0.0389,96.985,0.626,46,shinee
392,Hello - SHINee The 2nd Album Repackage,2010-10-04,3,5Yj1cYhSW5TNQ23RvfjouU,ONE,spotify:track:5Yj1cYhSW5TNQ23RvfjouU,0.279,0.625,0.542,0.0,0.181,-6.268,0.0311,127.86,0.537,28,shinee
393,Hello - SHINee The 2nd Album Repackage,2010-10-04,4,5zwrwJW5sTjgLRBNFhtHiR,Get It,spotify:track:5zwrwJW5sTjgLRBNFhtHiR,0.017,0.771,0.666,2.69e-06,0.202,-6.252,0.0712,94.003,0.358,21,shinee
400,Hello - SHINee The 2nd Album Repackage,2010-10-04,11,70Mz5aLFiKHReW8S5rHJUr,WOWOWOW,spotify:track:70Mz5aLFiKHReW8S5rHJUr,0.101,0.782,0.768,0.0,0.211,-3.084,0.101,92.002,0.769,19,shinee
406,Lucifer - The 2nd Album,2010-07-19,1,0Ds1F3FapeVqxZYPQ3b6Ih,UP&DOWN,spotify:track:0Ds1F3FapeVqxZYPQ3b6Ih,0.143,0.767,0.775,0.0,0.308,-3.756,0.0533,115.003,0.591,27,shinee
407,Lucifer - The 2nd Album,2010-07-19,2,7xAACq6jlGqXw4bNCTYcm6,LUCIFER,spotify:track:7xAACq6jlGqXw4bNCTYcm6,0.0323,0.75,0.914,0.0,0.107,-1.819,0.0518,125.034,0.866,53,shinee
408,Lucifer - The 2nd Album,2010-07-19,3,53tgv7hpuQJuVixwEc3N9A,Electric Heart,spotify:track:53tgv7hpuQJuVixwEc3N9A,0.218,0.849,0.821,0.000332,0.102,-4.76,0.132,108.018,0.723,26,shinee
409,Lucifer - The 2nd Album,2010-07-19,4,7KLg08N1kcVQKK96LL5eBG,A-Yo,spotify:track:7KLg08N1kcVQKK96LL5eBG,0.317,0.351,0.874,0.0,0.116,-2.518,0.0832,85.307,0.449,34,shinee
410,Lucifer - The 2nd Album,2010-07-19,5,3DKuL6fqEmmtZsGkt8YZSM,Obsession,spotify:track:3DKuL6fqEmmtZsGkt8YZSM,0.161,0.61,0.79,0.0,0.0391,-3.288,0.109,74.961,0.94,28,shinee
411,Lucifer - The 2nd Album,2010-07-19,6,6VvKWfhsRNdioqyt9HoPzk,Quasimodo,spotify:track:6VvKWfhsRNdioqyt9HoPzk,0.0831,0.372,0.596,0.0,0.135,-4.882,0.0375,141.157,0.348,28,shinee
412,Lucifer - The 2nd Album,2010-07-19,7,1oXnwk3Z28OwSGnLSdqZNP,Shout Out,spotify:track:1oXnwk3Z28OwSGnLSdqZNP,0.057,0.695,0.724,0.0,0.311,-5.689,0.244,106.942,0.382,22,shinee
413,Lucifer - The 2nd Album,2010-07-19,8,2U8erLnspbtDH5BEJ0gsLW,Wowowow,spotify:track:2U8erLnspbtDH5BEJ0gsLW,0.101,0.782,0.768,0.0,0.211,-3.084,0.101,92.002,0.769,24,shinee
414,Lucifer - The 2nd Album,2010-07-19,9,4EoYAleb9M2rZTFYxULIMi,Your Name,spotify:track:4EoYAleb9M2rZTFYxULIMi,0.102,0.645,0.585,0.0,0.448,-5.084,0.0338,90.027,0.544,25,shinee
415,Lucifer - The 2nd Album,2010-07-19,10,4rZ7JOd7Q2GH2W7kFFZDlL,Life,spotify:track:4rZ7JOd7Q2GH2W7kFFZDlL,0.463,0.621,0.62,0.0,0.444,-4.832,0.0414,123.923,0.288,25,shinee
416,Lucifer - The 2nd Album,2010-07-19,11,5KSxEAHvUYLIfVnUehKV4i,Ready or Not,spotify:track:5KSxEAHvUYLIfVnUehKV4i,0.00482,0.703,0.903,0.0,0.308,-2.926,0.0632,127.906,0.773,27,shinee
417,Lucifer - The 2nd Album,2010-07-19,12,66c2CxhNfezkqXJaHwpGew,Love Pain,spotify:track:66c2CxhNfezkqXJaHwpGew,0.0107,0.761,0.812,0.0,0.0705,-3.944,0.0442,119.954,0.655,23,shinee
418,Lucifer - The 2nd Album,2010-07-19,13,3QPPTyejpLV8KmimPvw5Sa,Love Still Goes On,spotify:track:3QPPTyejpLV8KmimPvw5Sa,0.017,0.719,0.863,0.0,0.335,-3.3,0.061,114.966,0.749,25,shinee
419,AMIGO - The 1st Album Repackage,2008-10-28,1,1ru2r3r1Njis2C4IbGzgfS,AMIGO,spotify:track:1ru2r3r1Njis2C4IbGzgfS,0.02,0.837,0.825,0.0,0.302,-1.555,0.0465,117.034,0.495,41,shinee
420,AMIGO - The 1st Album Repackage,2008-10-28,2,2Mj5FjaIyZO6z89Qs2J9Iy,Forever or Never,spotify:track:2Mj5FjaIyZO6z89Qs2J9Iy,0.0256,0.693,0.694,1.83e-06,0.265,-3.443,0.0542,89.996,0.459,24,shinee
421,AMIGO - The 1st Album Repackage,2008-10-28,3,3osNMn42bJn4mzq76XdUEn,Love like Oxygen,spotify:track:3osNMn42bJn4mzq76XdUEn,0.0138,0.565,0.783,0.0,0.434,-2.348,0.256,196.565,0.832,26,shinee
422,AMIGO - The 1st Album Repackage,2008-10-28,4,5xJxBrkqMoom44PXo2TTOC,Love Should go on (Plugged by DJ Oneshot),spotify:track:5xJxBrkqMoom44PXo2TTOC,0.277,0.768,0.926,0.0,0.251,-3.552,0.145,99.991,0.678,21,shinee
424,AMIGO - The 1st Album Repackage,2008-10-28,6,0PLPdugHiQTuBwRynIhdBp,ROMANTIC,spotify:track:0PLPdugHiQTuBwRynIhdBp,0.0392,0.636,0.709,0.0,0.158,-4.123,0.0334,128.025,0.537,24,shinee
434,The SHINee World - The First Album,2008-08-28,1,3zwMB1JyTzgOLo6rDnAVJ4,The SHINee World (Doo-Bop),spotify:track:3zwMB1JyTzgOLo6rDnAVJ4,0.0179,0.844,0.806,4.9e-06,0.0852,-3.252,0.0542,111.971,0.652,36,shinee
435,The SHINee World - The First Album,2008-08-28,2,1WMc6odyURDlOBShHykPqj,Love's Way,spotify:track:1WMc6odyURDlOBShHykPqj,0.191,0.649,0.801,0.0,0.132,-4.255,0.0419,139.007,0.424,28,shinee
436,The SHINee World - The First Album,2008-08-28,3,0B7QAF2ByMFCp1Ls5ov6R7,Love Like Oxygen,spotify:track:0B7QAF2ByMFCp1Ls5ov6R7,0.0138,0.565,0.783,0.0,0.434,-2.348,0.256,196.565,0.832,42,shinee
437,The SHINee World - The First Album,2008-08-28,4,7vAq3yEqNNEv7qL9aeVH7v,Romantic,spotify:track:7vAq3yEqNNEv7qL9aeVH7v,0.0392,0.636,0.709,0.0,0.158,-4.123,0.0334,128.025,0.537,32,shinee
438,The SHINee World - The First Album,2008-08-28,5,7ENYTdll3qSINUcxL6FyFZ,One For Me,spotify:track:7ENYTdll3qSINUcxL6FyFZ,0.0793,0.779,0.538,0.0,0.208,-8.237,0.0602,99.982,0.596,28,shinee
439,The SHINee World - The First Album,2008-08-28,6,2AQUiBYEDVNHeUhbXfd014,Graze,spotify:track:2AQUiBYEDVNHeUhbXfd014,0.367,0.522,0.793,0.0,0.14,-3.872,0.0673,83.624,0.794,27,shinee
440,The SHINee World - The First Album,2008-08-28,7,7vsX3ifCEuzMZwVsxc9QDg,Last Gift (In My Room-Prelude),spotify:track:7vsX3ifCEuzMZwVsxc9QDg,0.346,0.767,0.458,1.22e-06,0.0916,-6.932,0.0294,117.457,0.368,27,shinee
441,The SHINee World - The First Album,2008-08-28,8,3dr6blEYg22Ohw3U0hSNsl,Best Place,spotify:track:3dr6blEYg22Ohw3U0hSNsl,0.127,0.726,0.667,0.0,0.0672,-5.767,0.0371,94.941,0.589,28,shinee
442,The SHINee World - The First Album,2008-08-28,9,17vGPoIBXnSEd31N4B3gSR,Y Si Fuera Ella,spotify:track:17vGPoIBXnSEd31N4B3gSR,0.517,0.516,0.496,0.0,0.147,-5.784,0.029,75.621,0.314,50,shinee
443,The SHINee World - The First Album,2008-08-28,10,6V7zvZesXlDuK6WW0pUgpy,Four Seasons,spotify:track:6V7zvZesXlDuK6WW0pUgpy,0.171,0.691,0.665,0.0,0.251,-6.37,0.0359,121.985,0.44,25,shinee
444,The SHINee World - The First Album,2008-08-28,11,1yY7gFCJe1ueqosbFgWbFS,In My Room - Unplugged Remix,spotify:track:1yY7gFCJe1ueqosbFgWbFS,0.568,0.475,0.513,1.59e-06,0.132,-5.98,0.0278,134.052,0.293,27,shinee
445,The SHINee World - The First Album,2008-08-28,12,1rp986nzkyAX1wFpxzbwlC,Replay,spotify:track:1rp986nzkyAX1wFpxzbwlC,0.178,0.716,0.779,1.16e-06,0.167,-2.203,0.0805,99.977,0.59,57,shinee
446,Sunny Side,2018-07-27,1,2xKqJWCmWCnPyp783QYJsK,Sunny Side,spotify:track:2xKqJWCmWCnPyp783QYJsK,0.679,0.522,0.445,0.0,0.275,-3.871,0.03,142.605,0.528,31,shinee
447,Sunny Side,2018-07-27,2,3qSQKTaFjSMrdQGzwaAgWz,Good Evening - Japanese Ver.,spotify:track:3qSQKTaFjSMrdQGzwaAgWz,0.0528,0.668,0.83,0.0,0.271,-3.916,0.0537,119.905,0.543,26,shinee
448,Sunny Side,2018-07-27,3,4BJVg3H7xquPabF15JvO5S,I Want You - Japanese Ver.,spotify:track:4BJVg3H7xquPabF15JvO5S,0.157,0.724,0.747,0.0,0.137,-3.832,0.0644,123.078,0.526,25,shinee
450,Sunny Side,2018-07-27,2,1pIYLy7WT5nn9lVIR8nzY8,Good Evening - Japanese Version,spotify:track:1pIYLy7WT5nn9lVIR8nzY8,0.0521,0.669,0.828,0.0,0.265,-3.915,0.0539,119.913,0.55,2,shinee
451,Sunny Side,2018-07-27,3,4NiAVP6IN4le3x9qKkfpPg,I Want You - Japanese Version,spotify:track:4NiAVP6IN4le3x9qKkfpPg,0.154,0.733,0.746,0.0,0.133,-3.881,0.0638,123.002,0.505,0,shinee
452,'The Story of Light' EP.3 - The 6th Album,2018-06-25,1,7CMvRsZOfIIM1Hg4Yyqb3k,네가 남겨둔 말 Our Page,spotify:track:7CMvRsZOfIIM1Hg4Yyqb3k,0.295,0.674,0.752,0.0,0.164,-4.657,0.0326,107.021,0.348,42,shinee
461,'The Story of Light' EP.2 - The 6th Album,2018-06-11,5,2gL1DhV4XJxkzbFAYvRn0K,독감 Who Waits For Love,spotify:track:2gL1DhV4XJxkzbFAYvRn0K,0.0955,0.367,0.761,0.0,0.0886,-4.249,0.117,92.927,0.344,34,shinee
463,'The Story of Light' EP.1 - The 6th Album,2018-05-28,2,3dTFof43vcpQKx6Z3iTsOj,데리러 가 Good Evening,spotify:track:3dTFof43vcpQKx6Z3iTsOj,0.0383,0.678,0.809,0.0,0.243,-4.162,0.0598,119.979,0.561,49,shinee
465,'The Story of Light' EP.1 - The 6th Album,2018-05-28,4,3OFxhRzHbXFenlHwEvr8iJ,JUMP,spotify:track:3OFxhRzHbXFenlHwEvr8iJ,0.052,0.814,0.64,0.0,0.0865,-5.898,0.0668,122.043,0.603,36,shinee
466,'The Story of Light' EP.1 - The 6th Album,2018-05-28,5,5q3gEldz4O3GvixcWgOkOk,안녕 You & I,spotify:track:5q3gEldz4O3GvixcWgOkOk,0.266,0.612,0.543,0.0,0.105,-7.315,0.0769,83.967,0.231,32,shinee
470,FROM NOW ON,2018-05-23,4,3tBC8p1t1H59zYXtDUEODR,Married To The Music - Japanese,spotify:track:3tBC8p1t1H59zYXtDUEODR,0.124,0.667,0.928,0.0,0.0913,-3.797,0.106,115.038,0.848,1,shinee
472,FROM NOW ON - EP,2018-04-18,2,5DF79vik3V8tgqFIhKmoQ8,Every Time,spotify:track:5DF79vik3V8tgqFIhKmoQ8,0.145,0.597,0.965,0.0,0.32,-3.67,0.0789,96.011,0.681,27,shinee
473,FROM NOW ON - EP,2018-04-18,3,4thG4E0rdO232LFB6IltWz,Tell Me Your Name,spotify:track:4thG4E0rdO232LFB6IltWz,0.0821,0.753,0.916,0.00013,0.629,-3.524,0.162,128.093,0.864,26,shinee
474,FROM NOW ON - EP,2018-04-18,4,2ISHv1R934PKFcsRO0G2V9,Married To The Music - Japanese ver.,spotify:track:2ISHv1R934PKFcsRO0G2V9,0.121,0.66,0.929,0.0,0.0812,-3.803,0.116,115.061,0.874,19,shinee
480,Excuse Me Miss (Shinee World 4 Ver.),2016-01-01,1,1xgnwJhaNki6kJZfphZ4oI,Excuse Me Miss (Shinee World 4 Ver.),spotify:track:1xgnwJhaNki6kJZfphZ4oI,0.0545,0.617,0.971,0.0,0.948,0.05,0.201,92.965,0.482,21,shinee
492,3 2 1 (ドラマver.),2013-10-23,1,0u6rmhUuEA8wc2PKcu7IwK,3 2 1 - ドラマver.,spotify:track:0u6rmhUuEA8wc2PKcu7IwK,0.013,0.619,0.641,0.0,0.333,-4.838,0.103,147.869,0.815,2,shinee
497,Excuse Me Miss,2013-05-07,1,2IrA9OXY0OYHbIijbLUta9,Excuse Me Miss,spotify:track:2IrA9OXY0OYHbIijbLUta9,0.0438,0.823,0.607,0.0,0.327,-3.865,0.196,92.98,0.753,33,shinee
499,Fire,2013-03-08,2,1DCIJmWulvaggTQJHDwAHG,MOON RIVER WALTZ,spotify:track:1DCIJmWulvaggTQJHDwAHG,0.107,0.488,0.588,0.0,0.0774,-6.328,0.27,193.799,0.568,23,shinee
